,Parent,IL,Plant #,ab/ad,Stomata,Pavement,Ad.Pav,Ab.Pav,Ad.Stom,Ab.Stom,parents_only
1,Lyco,e6203  ,P1L4,ab1 ,39,90,,,,,a
2,Lyco,e6203  ,P1L4,ab2 ,34,80,,,,,a
3,Lyco,e6203  ,P1L4,ab3 ,28,59,,,,,a
4,Lyco,e6203  ,P1L4,ad1 ,9,64,,,,,a
5,Lyco,e6203  ,P1L4,ad2 ,10,62,,,,,a
6,Lyco,e6203  ,P1L4,ad3 ,11,71,,,,,a
7,Lyco,e6203  ,P2L4,ab1 ,29,46,,,,,a
8,Lyco,e6203  ,P2L4,ab2 ,24,45,,,,,a
9,Lyco,e6203  ,P2L4,ab3 ,26,50,,,,,a
10,Lyco,e6203  ,P2L4,ad1 ,6,54,,,,,a
11,Lyco,e6203  ,P2L4,ad2 ,8,59,,,,,a
12,Lyco,e6203  ,P2L4,ad3,6,52,,,,,a
13,Lyco,e6203  ,P3L4,ab1 ,24,41,,,,,a
14,Lyco,e6203  ,P3L4,ab2 ,31,54,,,,,a
15,Lyco,e6203  ,P3L4,ab3 ,26,50,,,,,a
16,Lyco,e6203  ,P3L4,ad1 ,9,51,,,,,a
17,Lyco,e6203  ,P3L4,ad2 ,10,47,,,,,a
18,Lyco,e6203  ,P3L4,ad3,9,51,,,,,a
19,Lyco,e6203  ,P4L4,ab1 ,27,66,,,,,a
20,Lyco,e6203  ,P4L4,ab2 ,30,73,,,,,a
21,Lyco,e6203  ,P4L4,ab3 ,36,76,,,,,a
22,Lyco,e6203  ,P4L4,ad1 ,13,81,,,,,a
23,Lyco,e6203  ,P4L4,ad2 ,13,80,,,,,a
24,Lyco,e6203  ,P4L4,ad3 ,15,94,,,,,a
25,Lyco,e6203  ,P5L4,ab1 ,38,94,,,,,a
26,Lyco,e6203  ,P5L4,ab2 ,42,92,,,,,a
27,Lyco,e6203  ,P5L4,ab3 ,35,87,,,,,a
28,Lyco,e6203  ,P5L4,ad1 ,11,72,,,,,a
29,Lyco,e6203  ,P5L4,ad2 ,12,82,,,,,a
30,Lyco,e6203  ,P5L4,ad3 ,19,98,,,,,a
31,Lyco,e6203  ,P6L4,ab1 ,26,55,,,,,a
32,Lyco,e6203  ,P6L4,ab2 ,34,72,,,,,a
33,Lyco,e6203  ,P6L4,ab3 ,34,55,,,,,a
34,Lyco,e6203  ,P6L4,ad1 ,7,65,,,,,a
35,Lyco,e6203  ,P6L4,ad2 ,8,50,,,,,a
36,Lyco,e6203  ,P6L4,ad3 ,11,56,,,,,a
37,Lyco,e6203  ,P7L4,ab1 ,27,48,,,,,a
38,Lyco,e6203  ,P7L4,ab2 ,26,44,,,,,a
39,Lyco,e6203  ,P7L4,ab3 ,19,39,,,,,a
40,Lyco,e6203  ,P7L4,ad1 ,6,38,,,,,a
41,Lyco,e6203  ,P7L4,ad2 ,5,52,,,,,a
42,Lyco,e6203  ,P7L4,ad3 ,4,41,,,,,a
43,Lyco,e6203  ,P8L4,ab1 ,37,79,,,,,a
44,Lyco,e6203  ,P8L4,ab2 ,49,97,,,,,a
45,Lyco,e6203  ,P8L4,ab3 ,29,61,,,,,a
46,Lyco,e6203  ,P8L4,ad1 ,9,68,,,,,a
47,Lyco,e6203  ,P8L4,ad2 ,12,81,,,,,a
48,Lyco,e6203  ,P8L4,ad3 ,8,74,,,,,a
1,Hab,LA1777,P1L4,ab1 ,81,174,*,*,,*,a
2,Hab,LA1777,P1L4,ab2 ,80,156,*,*,,*,a
3,Hab,LA1777,P1L4,ab3 ,60,149,*,*,,*,a
4,Hab,LA1777,P1L4,ad1 ,22,121,*,*,,*,a
5,Hab,LA1777,P1L4,ad2 ,20,124,*,*,,*,a
6,Hab,LA1777,P1L4,ad3 ,19,126,*,*,,*,a
7,Hab,LA1777,P2L4,ab1 ,57,144,*,*,,*,a
8,Hab,LA1777,P2L4,ab2 ,50,124,*,*,,*,a
9,Hab,LA1777,P2L4,ab3 ,62,140,*,*,,*,a
10,Hab,LA1777,P2L4,ad1 ,5,110,*,*,,*,a
11,Hab,LA1777,P2L4,ad2 ,7,116,*,*,,*,a
12,Hab,LA1777,P2L4,ad3 ,8,134,*,*,,*,a
13,Hab,LA1777,P3L4,ab1 ,71,125,*,*,,*,a
14,Hab,LA1777,P3L4,ab2 ,77,154,*,*,,*,a
15,Hab,LA1777,P3L4,ab3 ,78,150,*,*,,*,a
16,Hab,LA1777,P3L4,ad1 ,11,75,*,*,,*,a
17,Hab,LA1777,P3L4,ad2 ,10,67,*,*,,*,a
18,Hab,LA1777,P3L4,ad3 ,10,88,*,*,,*,a
19,Hab,LA1777,P4L4,ab1 ,56,102,*,*,,*,a
20,Hab,LA1777,P4L4,ab2 ,58,118,*,*,,*,a
21,Hab,LA1777,P4L4,ab3 ,51,116,*,*,,*,a
22,Hab,LA1777,P4L4,ad1 ,12,72,*,*,,*,a
23,Hab,LA1777,P4L4,ad2 ,14,78,*,*,,*,a
24,Hab,LA1777,P4L4,ad3 ,5,58,*,*,,*,a
1,IL,LA3913,P1L4,ab1 ,38,81,*,*,*,*,
2,IL,LA3913,P1L4,ab2 ,28,50,*,*,*,*,
3,IL,LA3913,P1L4,ab3 ,42,89,*,*,*,*,
4,IL,LA3913,P1L4,ad1 ,11,65,*,*,*,*,
5,IL,LA3913,P1L4,ad2 ,12,62,*,*,*,*,
6,IL,LA3913,P1L4,ad3 ,16,68,*,*,*,*,
7,IL,LA3913,P2L4,ab1 ,44,87,*,*,*,*,
8,IL,LA3913,P2L4,ab2 ,43,86,*,*,*,*,
9,IL,LA3913,P2L4,ab3 ,44,87,*,*,*,*,
10,IL,LA3913,P2L4,ad1 ,15,82,*,*,*,*,
11,IL,LA3913,P2L4,ad2 ,14,70,*,*,*,*,
12,IL,LA3913,P2L4,ad3 ,11,80,*,*,*,*,
13,IL,LA3913,P3L4,ab1 ,50,123,*,*,*,*,
14,IL,LA3913,P3L4,ab2 ,53,115,*,*,*,*,
15,IL,LA3913,P3L4,ab3 ,56,114,*,*,*,*,
16,IL,LA3913,P3L4,ad1 ,15,94,*,*,*,*,
17,IL,LA3913,P3L4,ad2 ,10,106,*,*,*,*,
18,IL,LA3913,P3L4,ad3 ,14,119,*,*,*,*,
19,IL,LA3913,P4L4,ab1 ,42,103,*,*,*,*,
20,IL,LA3913,P4L4,ab2 ,41,95,*,*,*,*,
21,IL,LA3913,P4L4,ab3 ,47,109,*,*,*,*,
22,IL,LA3913,P4L4,ad1 ,17,94,*,*,*,*,
23,IL,LA3913,P4L4,ad2 ,13,103,*,*,*,*,
24,IL,LA3913,P4L4,ad3 ,13,101,*,*,*,*,
25,IL,LA3913,P5L4,ab1 ,25,108,*,*,*,*,
26,IL,LA3913,P5L4,ab2 ,36,116,*,*,*,*,
27,IL,LA3913,P5L4,ab3 ,42,132,*,*,*,*,
28,IL,LA3913,P5L4,ad1 ,8,158,*,*,*,*,
29,IL,LA3913,P5L4,ad2 ,13,160,*,*,*,*,
30,IL,LA3913,P5L4,ad3 ,12,153,*,*,*,*,
31,IL,LA3913,P6L4,ab1 ,41,141,*,*,*,*,
32,IL,LA3913,P6L4,ab2 ,54,126,*,*,*,*,
33,IL,LA3913,P6L4,ab3 ,67,158,*,*,*,*,
34,IL,LA3913,P6L4,ad1 ,20,136,*,*,*,*,
35,IL,LA3913,P6L4,ad2 ,18,130,*,*,*,*,
36,IL,LA3913,P6L4,ad3 ,19,136,*,*,*,*,
1,IL,LA3917,P1L4,ab1 ,23,105,*,*,*,,
2,IL,LA3917,P1L4,ab2 ,28,98,*,*,*,,
3,IL,LA3917,P1L4,ab3 ,33,101,*,*,*,,
4,IL,LA3917,P1L4,ad1 ,11,120,*,*,*,,
5,IL,LA3917,P1L4,ad2 ,17,88,*,*,*,,
6,IL,LA3917,P1L4,ad3 ,14,94,*,*,*,,
7,IL,LA3917,P2L4,ab1 ,43,195,*,*,*,,
8,IL,LA3917,P2L4,ab2 ,37,157,*,*,*,,
9,IL,LA3917,P2L4,ab3 ,39,132,*,*,*,,
10,IL,LA3917,P2L4,ad1 ,19,136,*,*,*,,
11,IL,LA3917,P2L4,ad2 ,27,176,*,*,*,,
12,IL,LA3917,P2L4,ad3 ,19,140,*,*,*,,
13,IL,LA3917,P3L4,ab1 ,32,152,*,*,*,,
14,IL,LA3917,P3L4,ab2 ,42,193,*,*,*,,
15,IL,LA3917,P3L4,ab3 ,31,159,*,*,*,,
16,IL,LA3917,P3L4,ad1 ,13,156,*,*,*,,
17,IL,LA3917,P3L4,ad2 ,13,139,*,*,*,,
18,IL,LA3917,P3L4,ad3 ,19,150,*,*,*,,
19,IL,LA3917,P4L4,ab1 ,43,119,*,*,*,,
20,IL,LA3917,P4L4,ab2 ,50,127,*,*,*,,
21,IL,LA3917,P4L4,ab3 ,53,142,*,*,*,,
22,IL,LA3917,P4L4,ad1 ,20,113,*,*,*,,
23,IL,LA3917,P4L4,ad2 ,18,129,*,*,*,,
24,IL,LA3917,P4L4,ad3 ,14,115,*,*,*,,
25,IL,LA3917,P5L4,ab1 ,25,88,*,*,*,,
26,IL,LA3917,P5L4,ab2 ,21,106,*,*,*,,
27,IL,LA3917,P5L4,ab3 ,29,81,*,*,*,,
28,IL,LA3917,P5L4,ad1 ,12,98,*,*,*,,
29,IL,LA3917,P5L4,ad2 ,14,91,*,*,*,,
30,IL,LA3917,P5L4,ad3 ,14,86,*,*,*,,
31,IL,LA3917,P6L4,ab1 ,53,188,*,*,*,,
32,IL,LA3917,P6L4,ab2 ,48,142,*,*,*,,
33,IL,LA3917,P6L4,ab3 ,41,239,*,*,*,,
34,IL,LA3917,P6L4,ad1 ,16,124,*,*,*,,
35,IL,LA3917,P6L4,ad2 ,18,138,*,*,*,,
36,IL,LA3917,P6L4,ad3 ,13,159,*,*,*,,
37,IL,LA3917,P7L4,ab1 ,39,114,*,*,*,,
38,IL,LA3917,P7L4,ab2 ,38,122,*,*,*,,
39,IL,LA3917,P7L4,ab3 ,48,132,*,*,*,,
40,IL,LA3917,P7L4,ad1 ,20,128,*,*,*,,
41,IL,LA3917,P7L4,ad2 ,21,134,*,*,*,,
42,IL,LA3917,P7L4,ad3 ,17,130,*,*,*,,
43,IL,LA3917,P8L4,ab1 ,32,114,*,*,*,,
44,IL,LA3917,P8L4,ab2 ,33,108,*,*,*,,
45,IL,LA3917,P8L4,ab3 ,28,140,*,*,*,,
46,IL,LA3917,P8L4,ad1 ,21,118,*,*,*,,
47,IL,LA3917,P8L4,ad2 ,17,117,*,*,*,,
48,IL,LA3917,P8L4,ad3 ,20,136,*,*,*,,
1,IL,LA3918,P1L4,ab1 ,28,85,*,*,*,,
2,IL,LA3918,P1L4,ab2 ,38,94,*,*,*,,
3,IL,LA3918,P1L4,ab3 ,32,82,*,*,*,,
4,IL,LA3918,P1L4,ad1 ,17,82,*,*,*,,
5,IL,LA3918,P1L4,ad2 ,11,71,*,*,*,,
6,IL,LA3918,P1L4,ad3 ,9,81,*,*,*,,
7,IL,LA3918,P2L4,ab1 ,19,189,*,*,*,,
8,IL,LA3918,P2L4,ab2 ,17,176,*,*,*,,
9,IL,LA3918,P2L4,ab3 ,22,158,*,*,*,,
10,IL,LA3918,P2L4,ad1 ,14,160,*,*,*,,
11,IL,LA3918,P2L4,ad2 ,18,178,*,*,*,,
12,IL,LA3918,P2L4,ad3 ,17,172,*,*,*,,
13,IL,LA3918,P3L4,ab1 ,33,104,*,*,*,,
14,IL,LA3918,P3L4,ab2 ,29,94,*,*,*,,
15,IL,LA3918,P3L4,ab3 ,37,101,*,*,*,,
16,IL,LA3918,P3L4,ad1 ,13,91,*,*,*,,
17,IL,LA3918,P3L4,ad2 ,11,99,*,*,*,,
18,IL,LA3918,P3L4,ad3 ,10,92,*,*,*,,
1,IL,LA3921,P1L4,ab1 ,45,115,,*,,,
2,IL,LA3921,P1L4,ab2 ,45,128,,*,,,
3,IL,LA3921,P1L4,ab3 ,39,135,,*,,,
4,IL,LA3921,P1L4,ad1 ,9,78,,*,,,
5,IL,LA3921,P1L4,ad2 ,12,72,,*,,,
6,IL,LA3921,P1L4,ad3 ,9,69,,*,,,
7,IL,LA3921,P2L4,ab1 ,28,128,,*,,,
8,IL,LA3921,P2L4,ab2 ,31,84,,*,,,
9,IL,LA3921,P2L4,ab3 ,31,79,,*,,,
10,IL,LA3921,P2L4,ad1 ,4,90,,*,,,
11,IL,LA3921,P2L4,ad2 ,4,79,,*,,,
12,IL,LA3921,P2L4,ad3 ,9,95,,*,,,
13,IL,LA3921,P3L4,ab1 ,28,69,,*,,,
14,IL,LA3921,P3L4,ab2 ,33,80,,*,,,
15,IL,LA3921,P3L4,ab3 ,28,76,,*,,,
16,IL,LA3921,P3L4,ad1 ,7,68,,*,,,
17,IL,LA3921,P3L4,ad2 ,13,84,,*,,,
18,IL,LA3921,P3L4,ad3 ,12,68,,*,,,
19,IL,LA3921,P4L4,ab1 ,35,97,,*,,,
20,IL,LA3921,P4L4,ab2 ,32,89,,*,,,
21,IL,LA3921,P4L4,ab3 ,28,85,,*,,,
22,IL,LA3921,P4L4,ad1 ,10,84,,*,,,
23,IL,LA3921,P4L4,ad2 ,11,89,,*,,,
24,IL,LA3921,P4L4,ad3 ,15,94,,*,,,
1,IL,LA3922,P1L4,ab1 ,25,61,,,*,,
2,IL,LA3922,P1L4,ab2 ,22,63,,,*,,
3,IL,LA3922,P1L4,ab3 ,26,61,,,*,,
4,IL,LA3922,P1L4,ad1 ,6,55,,,*,,
5,IL,LA3922,P1L4,ad2 ,8,49,,,*,,
6,IL,LA3922,P1L4,ad3 ,6,53,,,*,,
7,IL,LA3922,P2L4,ab1 ,30,91,,,*,,
8,IL,LA3922,P2L4,ab2 ,21,80,,,*,,
9,IL,LA3922,P2L4,ab3 ,32,101,,,*,,
10,IL,LA3922,P2L4,ad1 ,4,65,,,*,,
11,IL,LA3922,P2L4,ad2 ,2,52,,,*,,
12,IL,LA3922,P2L4,ad3 ,2,44,,,*,,
13,IL,LA3922,P3L4,ab1 ,27,64,,,*,,
14,IL,LA3922,P3L4,ab2 ,32,77,,,*,,
15,IL,LA3922,P3L4,ab3 ,33,70,,,*,,
16,IL,LA3922,P3L4,ad1 ,3,44,,,*,,
17,IL,LA3922,P3L4,ad2 ,4,50,,,*,,
18,IL,LA3922,P3L4,ad3 ,3,66,,,*,,
19,IL,LA3922,P4L4,ab1 ,22,57,,,*,,
20,IL,LA3922,P4L4,ab2 ,25,55,,,*,,
21,IL,LA3922,P4L4,ab3 ,27,52,,,*,,
22,IL,LA3922,P4L4,ad1 ,6,54,,,*,,
23,IL,LA3922,P4L4,ad2 ,2,26,,,*,,
24,IL,LA3922,P4L4,ad3 ,4,38,,,*,,
25,IL,LA3922,P5L4,ab1 ,38,99,,,*,,
26,IL,LA3922,P5L4,ab2 ,35,82,,,*,,
27,IL,LA3922,P5L4,ab3 ,40,104,,,*,,
28,IL,LA3922,P5L4,ad1 ,10,63,,,*,,
29,IL,LA3922,P5L4,ad2 ,6,59,,,*,,
30,IL,LA3922,P5L4,ad3 ,4,80,,,*,,
31,IL,LA3922,P6L4,ab1 ,12,54,,,*,,
32,IL,LA3922,P6L4,ab2 ,17,56,,,*,,
33,IL,LA3922,P6L4,ab3 ,21,76,,,*,,
34,IL,LA3922,P6L4,ad1 ,3,40,,,*,,
35,IL,LA3922,P6L4,ad2 ,2,35,,,*,,
36,IL,LA3922,P6L4,ad3 ,5,35,,,*,,
1,IL,LA3926,P1L4,ab1 ,32,89,,*,,,
2,IL,LA3926,P1L4,ab2 ,32,95,,*,,,
3,IL,LA3926,P1L4,ab3 ,36,103,,*,,,
4,IL,LA3926,P1L4,ad1 ,6,75,,*,,,
5,IL,LA3926,P1L4,ad2 ,9,80,,*,,,
6,IL,LA3926,P1L4,ad3 ,14,84,,*,,,
7,IL,LA3926,P2L4,ab1 ,51,125,,*,,,
8,IL,LA3926,P2L4,ab2 ,45,127,,*,,,
9,IL,LA3926,P2L4,ab3 ,48,122,,*,,,
10,IL,LA3926,P2L4,ad1 ,15,81,,*,,,
11,IL,LA3926,P2L4,ad2 ,16,122,,*,,,
12,IL,LA3926,P2L4,ad3 ,10,79,,*,,,
13,IL,LA3926,P3L4,ab1 ,43,135,,*,,,
14,IL,LA3926,P3L4,ab2 ,51,119,,*,,,
15,IL,LA3926,P3L4,ab3 ,45,112,,*,,,
16,IL,LA3926,P3L4,ad1 ,16,99,,*,,,
17,IL,LA3926,P3L4,ad2 ,17,95,,*,,,
18,IL,LA3926,P3L4,ad3 ,17,96,,*,,,
19,IL,LA3926,P4L4,ab1 ,31,71,,*,,,
20,IL,LA3926,P4L4,ab2 ,34,87,,*,,,
21,IL,LA3926,P4L4,ab3 ,34,91,,*,,,
22,IL,LA3926,P4L4,ad1 ,15,53,,*,,,
23,IL,LA3926,P4L4,ad2 ,15,56,,*,,,
24,IL,LA3926,P4L4,ad3 ,11,55,,*,,,
25,IL,LA3926,P5L4,ab1 ,38,133,,*,,,
26,IL,LA3926,P5L4,ab2 ,38,151,,*,,,
27,IL,LA3926,P5L4,ab3 ,37,123,,*,,,
28,IL,LA3926,P5L4,ad1 ,6,53,,*,,,
29,IL,LA3926,P5L4,ad2 ,12,88,,*,,,
30,IL,LA3926,P5L4,ad3 ,10,61,,*,,,
31,IL,LA3926,P6L4,ab1 ,30,79,,*,,,
32,IL,LA3926,P6L4,ab2 ,26,60,,*,,,
33,IL,LA3926,P6L4,ab3 ,32,70,,*,,,
34,IL,LA3926,P6L4,ad1 ,7,61,,*,,,
35,IL,LA3926,P6L4,ad2 ,9,53,,*,,,
36,IL,LA3926,P6L4,ad3 ,10,58,,*,,,
1,IL,LA3927,P1L4,ab1 ,32,90,,,*,,
2,IL,LA3927,P1L4,ab2 ,32,73,,,*,,
3,IL,LA3927,P1L4,ab3 ,32,76,,,*,,
4,IL,LA3927,P1L4,ad1 ,6,64,,,*,,
5,IL,LA3927,P1L4,ad2 ,3,60,,,*,,
6,IL,LA3927,P1L4,ad3 ,8,63,,,*,,
7,IL,LA3927,P2L4,ab1 ,23,68,,,*,,
8,IL,LA3927,P2L4,ab2 ,29,69,,,*,,
9,IL,LA3927,P2L4,ab3 ,29,79,,,*,,
10,IL,LA3927,P2L4,ad1 ,7,68,,,*,,
11,IL,LA3927,P2L4,ad2 ,5,72,,,*,,
12,IL,LA3927,P2L4,ad3 ,4,68,,,*,,
13,IL,LA3927,P3L4,ab1 ,23,63,,,*,,
14,IL,LA3927,P3L4,ab2 ,38,66,,,*,,
15,IL,LA3927,P3L4,ab3 ,28,71,,,*,,
16,IL,LA3927,P3L4,ad1 ,3,69,,,*,,
17,IL,LA3927,P3L4,ad2 ,3,76,,,*,,
18,IL,LA3927,P3L4,ad3 ,4,69,,,*,,
19,IL,LA3927,P4L4,ab1 ,25,66,,,*,,
20,IL,LA3927,P4L4,ab2 ,33,75,,,*,,
21,IL,LA3927,P4L4,ab3 ,31,82,,,*,,
22,IL,LA3927,P4L4,ad1 ,5,69,,,*,,
23,IL,LA3927,P4L4,ad2 ,5,69,,,*,,
24,IL,LA3927,P4L4,ad3 ,6,76,,,*,,
25,IL,LA3927,P5L4,ab1 ,30,77,,,*,,
26,IL,LA3927,P5L4,ab2 ,31,83,,,*,,
27,IL,LA3927,P5L4,ab3 ,35,72,,,*,,
28,IL,LA3927,P5L4,ad1 ,4,90,,,*,,
29,IL,LA3927,P5L4,ad2 ,8,80,,,*,,
30,IL,LA3927,P5L4,ad3 ,3,64,,,*,,
31,IL,LA3927,P6L4,ab1 ,26,68,,,*,,
32,IL,LA3927,P6L4,ab2 ,33,74,,,*,,
33,IL,LA3927,P6L4,ab3 ,32,86,,,*,,
34,IL,LA3927,P6L4,ad1 ,1,88,,,*,,
35,IL,LA3927,P6L4,ad2 ,2,66,,,*,,
36,IL,LA3927,P6L4,ad3 ,1,66,,,*,,
1,IL,LA3929,P1L4,ab1 ,58,121,*,*,,,
2,IL,LA3929,P1L4,ab2 ,52,126,*,*,,,
3,IL,LA3929,P1L4,ab3 ,60,143,*,*,,,
4,IL,LA3929,P1L4,ad1 ,18,104,*,*,,,
5,IL,LA3929,P1L4,ad2 ,13,120,*,*,,,
6,IL,LA3929,P1L4,ad3 ,17,117,*,*,,,
7,IL,LA3929,P2L4,ab1 ,25,131,*,*,,,
8,IL,LA3929,P2L4,ab2 ,28,97,*,*,,,
9,IL,LA3929,P2L4,ab3 ,32,118,*,*,,,
10,IL,LA3929,P2L4,ad1 ,13,85,*,*,,,
11,IL,LA3929,P2L4,ad2 ,14,79,*,*,,,
12,IL,LA3929,P2L4,ad3 ,18,90,*,*,,,
13,IL,LA3929,P3L4,ab1 ,40,103,*,*,,,
14,IL,LA3929,P3L4,ab2 ,36,91,*,*,,,
15,IL,LA3929,P3L4,ab3 ,36,99,*,*,,,
16,IL,LA3929,P3L4,ad1 ,4,86,*,*,,,
17,IL,LA3929,P3L4,ad2 ,7,109,*,*,,,
18,IL,LA3929,P3L4,ad3 ,4,100,*,*,,,
19,IL,LA3929,P4L4,ab1 ,22,97,*,*,,,
20,IL,LA3929,P4L4,ab2 ,18,71,*,*,,,
21,IL,LA3929,P4L4,ab3 ,18,89,*,*,,,
22,IL,LA3929,P4L4,ad1 ,7,61,*,*,,,
23,IL,LA3929,P4L4,ad2 ,10,82,*,*,,,
24,IL,LA3929,P4L4,ad3 ,10,88,*,*,,,
25,IL,LA3929,P5L4,ab1 ,37,77,*,*,,,
26,IL,LA3929,P5L4,ab2 ,35,85,*,*,,,
27,IL,LA3929,P5L4,ab3 ,30,65,*,*,,,
28,IL,LA3929,P5L4,ad1 ,5,58,*,*,,,
29,IL,LA3929,P5L4,ad2 ,3,61,*,*,,,
30,IL,LA3929,P5L4,ad3 ,7,59,*,*,,,
31,IL,LA3929,P6L4,ab1 ,45,125,*,*,,,
32,IL,LA3929,P6L4,ab2 ,48,115,*,*,,,
33,IL,LA3929,P6L4,ab3 ,49,115,*,*,,,
34,IL,LA3929,P6L4,ad1 ,12,117,*,*,,,
35,IL,LA3929,P6L4,ad2 ,11,89,*,*,,,
36,IL,LA3929,P6L4,ad3 ,11,89,*,*,,,
1,IL,LA3930,P1L4,ab1 ,33,81,*,*,,,
2,IL,LA3930,P1L4,ab2 ,30,77,*,*,,,
3,IL,LA3930,P1L4,ab3 ,35,74,*,*,,,
4,IL,LA3930,P1L4,ad1 ,8,88,*,*,,,
5,IL,LA3930,P1L4,ad2 ,8,89,*,*,,,
6,IL,LA3930,P1L4,ad3 ,5,81,*,*,,,
7,IL,LA3930,P2L4,ab1 ,15,74,*,*,,,
8,IL,LA3930,P2L4,ab2 ,16,72,*,*,,,
9,IL,LA3930,P2L4,ab3 ,10,57,*,*,,,
10,IL,LA3930,P2L4,ad1 ,8,156,*,*,,,
11,IL,LA3930,P2L4,ad2 ,5,129,*,*,,,
12,IL,LA3930,P2L4,ad3 ,2,85,*,*,,,
13,IL,LA3930,P3L4,ab1 ,20,58,*,*,,,
14,IL,LA3930,P3L4,ab2 ,24,51,*,*,,,
15,IL,LA3930,P3L4,ab3 ,29,63,*,*,,,
16,IL,LA3930,P3L4,ad1 ,5,65,*,*,,,
17,IL,LA3930,P3L4,ad2 ,12,83,*,*,,,
18,IL,LA3930,P3L4,ad3 ,6,66,*,*,,,
19,IL,LA3930,P4L4,ab1 ,26,56,*,*,,,
20,IL,LA3930,P4L4,ab2 ,22,60,*,*,,,
21,IL,LA3930,P4L4,ab3 ,22,54,*,*,,,
22,IL,LA3930,P4L4,ad1 ,6,48,*,*,,,
23,IL,LA3930,P4L4,ad2 ,7,58,*,*,,,
24,IL,LA3930,P4L4,ad3 ,6,53,*,*,,,
25,IL,LA3930,P5L4,ab1 ,48,141,*,*,,,
26,IL,LA3930,P5L4,ab2 ,52,137,*,*,,,
27,IL,LA3930,P5L4,ab3 ,49,140,*,*,,,
28,IL,LA3930,P5L4,ad1 ,14,127,*,*,,,
29,IL,LA3930,P5L4,ad2 ,16,136,*,*,,,
30,IL,LA3930,P5L4,ad3 ,17,127,*,*,,,
31,IL,LA3930,P6L4,ab1 ,32,82,*,*,,,
32,IL,LA3930,P6L4,ab2 ,37,90,*,*,,,
33,IL,LA3930,P6L4,ab3 ,35,96,*,*,,,
34,IL,LA3930,P6L4,ad1 ,9,90,*,*,,,
35,IL,LA3930,P6L4,ad2 ,11,104,*,*,,,
36,IL,LA3930,P6L4,ad3 ,10,87,*,*,,,
1,IL,LA3932,P1L4,ab1,24,60,,,*,,
2,IL,LA3932,P1L4,ab2,25,52,,,*,,
3,IL,LA3932,P1L4,ab3,19,45,,,*,,
4,IL,LA3932,P1L4,ad1,3,59,,,*,,
5,IL,LA3932,P1L4,ad2,2,46,,,*,,
6,IL,LA3932,P1L4,ad3,0,52,,,*,,
7,IL,LA3932,P2L4,ab1,22,81,,,*,,
8,IL,LA3932,P2L4,ab2,27,92,,,*,,
9,IL,LA3932,P2L4,ab3,22,72,,,*,,
10,IL,LA3932,P2L4,ad1,1,87,,,*,,
11,IL,LA3932,P2L4,ad2,3,76,,,*,,
12,IL,LA3932,P2L4,ad3,0,72,,,*,,
13,IL,LA3932,P3L4,ab1,27,67,,,*,,
14,IL,LA3932,P3L4,ab2,25,69,,,*,,
15,IL,LA3932,P3L4,ab3,28,71,,,*,,
16,IL,LA3932,P3L4,ad1,10,60,,,*,,
17,IL,LA3932,P3L4,ad2,9,62,,,*,,
18,IL,LA3932,P3L4,ad3,6,56,,,*,,
19,IL,LA3932,P4L4,ab1,14,51,,,*,,
20,IL,LA3932,P4L4,ab2,17,55,,,*,,
21,IL,LA3932,P4L4,ab3,15,47,,,*,,
22,IL,LA3932,P4L4,ad1,6,46,,,*,,
23,IL,LA3932,P4L4,ad2,4,38,,,*,,
24,IL,LA3932,P4L4,ad3,7,37,,,*,,
25,IL,LA3932,P5L4,ab1,26,72,,,*,,
26,IL,LA3932,P5L4,ab2,30,81,,,*,,
27,IL,LA3932,P5L4,ab3,30,95,,,*,,
28,IL,LA3932,P5L4,ad1,7,57,,,*,,
29,IL,LA3932,P5L4,ad2,11,69,,,*,,
30,IL,LA3932,P5L4,ad3,10,62,,,*,,
31,IL,LA3932,P6L4,ab1,37,80,,,*,,
32,IL,LA3932,P6L4,ab2,38,90,,,*,,
33,IL,LA3932,P6L4,ab3,32,74,,,*,,
34,IL,LA3932,P6L4,ad1,8,49,,,*,,
35,IL,LA3932,P6L4,ad2,9,60,,,*,,
36,IL,LA3932,P6L4,ad3,10,65,,,*,,
1,IL,LA3933,P1L4,ab1,34,85,,,*,,
2,IL,LA3933,P1L4,ab2,28,87,,,*,,
3,IL,LA3933,P1L4,ab3,29,82,,,*,,
4,IL,LA3933,P1L4,ad1,0,87,,,*,,
5,IL,LA3933,P1L4,ad2,1,96,,,*,,
6,IL,LA3933,P1L4,ad3,1,88,,,*,,
7,IL,LA3933,P2L4,ab1,19,49,,,*,,
8,IL,LA3933,P2L4,ab2,23,57,,,*,,
9,IL,LA3933,P2L4,ab3,18,53,,,*,,
10,IL,LA3933,P2L4,ad1,4,49,,,*,,
11,IL,LA3933,P2L4,ad2,6,47,,,*,,
12,IL,LA3933,P2L4,ad3,4,43,,,*,,
13,IL,LA3933,P3L4,ab1,39,100,,,*,,
14,IL,LA3933,P3L4,ab2,45,87,,,*,,
15,IL,LA3933,P3L4,ab3,44,95,,,*,,
16,IL,LA3933,P3L4,ad1,3,71,,,*,,
17,IL,LA3933,P3L4,ad2,4,82,,,*,,
18,IL,LA3933,P3L4,ad3,4,76,,,*,,
19,IL,LA3933,P4L4,ab1,28,51,,,*,,
20,IL,LA3933,P4L4,ab2,19,50,,,*,,
21,IL,LA3933,P4L4,ab3,23,45,,,*,,
22,IL,LA3933,P4L4,ad1,3,55,,,*,,
23,IL,LA3933,P4L4,ad2,4,64,,,*,,
24,IL,LA3933,P4L4,ad3,5,50,,,*,,
1,IL,LA3935,P1L4,ab1,40,86,,*,*,,
2,IL,LA3935,P1L4,ab2,38,98,,*,*,,
3,IL,LA3935,P1L4,ab3,30,98,,*,*,,
4,IL,LA3935,P1L4,ad1,3,84,,*,*,,
5,IL,LA3935,P1L4,ad2,5,88,,*,*,,
6,IL,LA3935,P1L4,ad3,7,87,,*,*,,
7,IL,LA3935,P2L4,ab1,32,70,,*,*,,
8,IL,LA3935,P2L4,ab2,30,73,,*,*,,
9,IL,LA3935,P2L4,ab3,32,65,,*,*,,
10,IL,LA3935,P2L4,ad1,6,58,,*,*,,
11,IL,LA3935,P2L4,ad2,3,57,,*,*,,
12,IL,LA3935,P2L4,ad3,7,70,,*,*,,
13,IL,LA3935,P3L4,ab1,38,93,,*,*,,
14,IL,LA3935,P3L4,ab2,38,88,,*,*,,
15,IL,LA3935,P3L4,ab3,32,88,,*,*,,
16,IL,LA3935,P3L4,ad1,5,79,,*,*,,
17,IL,LA3935,P3L4,ad2,5,76,,*,*,,
18,IL,LA3935,P3L4,ad3,3,68,,*,*,,
19,IL,LA3935,P4L4,ab1,30,86,,*,*,,
20,IL,LA3935,P4L4,ab2,33,78,,*,*,,
21,IL,LA3935,P4L4,ab3,31,86,,*,*,,
22,IL,LA3935,P4L4,ad1,7,97,,*,*,,
23,IL,LA3935,P4L4,ad2,7,88,,*,*,,
24,IL,LA3935,P4L4,ad3,5,85,,*,*,,
25,IL,LA3935,P5L4,ab1,28,86,,*,*,,
26,IL,LA3935,P5L4,ab2,43,84,,*,*,,
27,IL,LA3935,P5L4,ab3,39,99,,*,*,,
28,IL,LA3935,P5L4,ad1,2,87,,*,*,,
29,IL,LA3935,P5L4,ad2,6,94,,*,*,,
30,IL,LA3935,P5L4,ad3,5,86,,*,*,,
1,IL,LA3938,P1L4,ab1,68,124,*,*,,*,
2,IL,LA3938,P1L4,ab2,61,114,*,*,,*,
3,IL,LA3938,P1L4,ab3,55,125,*,*,,*,
4,IL,LA3938,P1L4,ad1,15,154,*,*,,*,
5,IL,LA3938,P1L4,ad2,7,123,*,*,,*,
6,IL,LA3938,P1L4,ad3,7,165,*,*,,*,
7,IL,LA3938,P2L4,ab1,81,147,*,*,,*,
8,IL,LA3938,P2L4,ab2,67,147,*,*,,*,
9,IL,LA3938,P2L4,ab3,75,144,*,*,,*,
10,IL,LA3938,P2L4,ad1,13,140,*,*,,*,
11,IL,LA3938,P2L4,ad2,4,144,*,*,,*,
12,IL,LA3938,P2L4,ad3,16,165,*,*,,*,
13,IL,LA3938,P3L4,ab1,95,204,*,*,,*,
14,IL,LA3938,P3L4,ab2,72,174,*,*,,*,
15,IL,LA3938,P3L4,ab3,91,200,*,*,,*,
16,IL,LA3938,P3L4,ad1,13,228,*,*,,*,
17,IL,LA3938,P3L4,ad2,17,174,*,*,,*,
18,IL,LA3938,P3L4,ad3,0,205,*,*,,*,
19,IL,LA3938,P4L4,ab1,48,130,*,*,,*,
20,IL,LA3938,P4L4,ab2,50,123,*,*,,*,
21,IL,LA3938,P4L4,ab3,46,122,*,*,,*,
22,IL,LA3938,P4L4,ad1,11,104,*,*,,*,
23,IL,LA3938,P4L4,ad2,6,114,*,*,,*,
24,IL,LA3938,P4L4,ad3,11,127,*,*,,*,
25,IL,LA3938,P5L4,ab1,33,93,*,*,,*,
26,IL,LA3938,P5L4,ab2,31,73,*,*,,*,
27,IL,LA3938,P5L4,ab3,36,73,*,*,,*,
28,IL,LA3938,P5L4,ad1,3,83,*,*,,*,
29,IL,LA3938,P5L4,ad2,2,81,*,*,,*,
30,IL,LA3938,P5L4,ad3,5,80,*,*,,*,
31,IL,LA3938,P6L4,ab1,71,136,*,*,,*,
32,IL,LA3938,P6L4,ab2,62,150,*,*,,*,
33,IL,LA3938,P6L4,ab3,68,142,*,*,,*,
34,IL,LA3938,P6L4,ad1,4,156,*,*,,*,
35,IL,LA3938,P6L4,ad2,5,129,*,*,,*,
36,IL,LA3938,P6L4,ad3,5,128,*,*,,*,
37,IL,LA3938,P7L4,ab1,50,117,*,*,,*,
38,IL,LA3938,P7L4,ab2,42,96,*,*,,*,
39,IL,LA3938,P7L4,ab3,43,103,*,*,,*,
40,IL,LA3938,P7L4,ad1,10,84,*,*,,*,
41,IL,LA3938,P7L4,ad2,10,85,*,*,,*,
42,IL,LA3938,P7L4,ad3,10,96,*,*,,*,
1,IL,LA3939,P1L4,ab1,24,67,,*,,,
2,IL,LA3939,P1L4,ab2,23,71,,*,,,
3,IL,LA3939,P1L4,ab3,26,62,,*,,,
4,IL,LA3939,P1L4,ad1,11,61,,*,,,
5,IL,LA3939,P1L4,ad2,12,52,,*,,,
6,IL,LA3939,P1L4,ad3,7,61,,*,,,
7,IL,LA3939,P2L4,ab1,33,81,,*,,,
8,IL,LA3939,P2L4,ab2,36,85,,*,,,
9,IL,LA3939,P2L4,ab3,32,72,,*,,,
10,IL,LA3939,P2L4,ad1,5,63,,*,,,
11,IL,LA3939,P2L4,ad2,7,87,,*,,,
12,IL,LA3939,P2L4,ad3,4,80,,*,,,
13,IL,LA3939,P3L4,ab1,50,123,,*,,,
14,IL,LA3939,P3L4,ab2,42,104,,*,,,
15,IL,LA3939,P3L4,ab3,45,110,,*,,,
16,IL,LA3939,P3L4,ad1,10,76,,*,,,
17,IL,LA3939,P3L4,ad2,11,96,,*,,,
18,IL,LA3939,P3L4,ad3,11,90,,*,,,
19,IL,LA3939,P4L4,ab1,32,64,,*,,,
20,IL,LA3939,P4L4,ab2,32,69,,*,,,
21,IL,LA3939,P4L4,ab3,35,80,,*,,,
22,IL,LA3939,P4L4,ad1,4,73,,*,,,
23,IL,LA3939,P4L4,ad2,3,83,,*,,,
24,IL,LA3939,P4L4,ad3,3,80,,*,,,
1,IL,LA3943,P1L4,ab1,39,82,*,*,*,*,
2,IL,LA3943,P1L4,ab2,35,82,*,*,*,*,
3,IL,LA3943,P1L4,ab3,39,87,*,*,*,*,
4,IL,LA3943,P1L4,ad1,3,66,*,*,*,*,
5,IL,LA3943,P1L4,ad2,3,74,*,*,*,*,
6,IL,LA3943,P1L4,ad3,4,77,*,*,*,*,
7,IL,LA3943,P2L4,ab1,33,73,*,*,*,*,
8,IL,LA3943,P2L4,ab2,41,77,*,*,*,*,
9,IL,LA3943,P2L4,ab3,32,70,*,*,*,*,
10,IL,LA3943,P2L4,ad1,8,53,*,*,*,*,
11,IL,LA3943,P2L4,ad2,6,50,*,*,*,*,
12,IL,LA3943,P2L4,ad3,6,58,*,*,*,*,
13,IL,LA3943,P3L4,ab1,55,120,*,*,*,*,
14,IL,LA3943,P3L4,ab2,49,108,*,*,*,*,
15,IL,LA3943,P3L4,ab3,57,123,*,*,*,*,
16,IL,LA3943,P3L4,ad1,10,101,*,*,*,*,
17,IL,LA3943,P3L4,ad2,13,90,*,*,*,*,
18,IL,LA3943,P3L4,ad3,12,99,*,*,*,*,
19,IL,LA3943,P4L4,ab1,21,77,*,*,*,*,
20,IL,LA3943,P4L4,ab2,25,57,*,*,*,*,
21,IL,LA3943,P4L4,ab3,32,82,*,*,*,*,
22,IL,LA3943,P4L4,ad1,1,64,*,*,*,*,
23,IL,LA3943,P4L4,ad2,5,54,*,*,*,*,
24,IL,LA3943,P4L4,ad3,4,57,*,*,*,*,
25,IL,LA3943,P5L4,ab1,68,142,*,*,*,*,
26,IL,LA3943,P5L4,ab2,57,150,*,*,*,*,
27,IL,LA3943,P5L4,ab3,73,152,*,*,*,*,
28,IL,LA3943,P5L4,ad1,14,183,*,*,*,*,
29,IL,LA3943,P5L4,ad2,10,138,*,*,*,*,
30,IL,LA3943,P5L4,ad3,10,127,*,*,*,*,
31,IL,LA3943,P6L4,ab1,51,100,*,*,*,*,
32,IL,LA3943,P6L4,ab2,51,123,*,*,*,*,
33,IL,LA3943,P6L4,ab3,51,115,*,*,*,*,
34,IL,LA3943,P6L4,ad1,9,86,*,*,*,*,
35,IL,LA3943,P6L4,ad2,8,89,*,*,*,*,
36,IL,LA3943,P6L4,ad3,10,89,*,*,*,*,
37,IL,LA3943,P7L4,ab1,37,83,*,*,*,*,
38,IL,LA3943,P7L4,ab2,30,72,*,*,*,*,
39,IL,LA3943,P7L4,ab3,30,69,*,*,*,*,
40,IL,LA3943,P7L4,ad1,3,63,*,*,*,*,
41,IL,LA3943,P7L4,ad2,8,68,*,*,*,*,
42,IL,LA3943,P7L4,ad3,4,54,*,*,*,*,
1,IL,LA3944,P1L4,ab1 ,44,90,,*,*,*,
2,IL,LA3944,P1L4,ab2 ,54,96,,*,*,*,
3,IL,LA3944,P1L4,ab3 ,42,94,,*,*,*,
4,IL,LA3944,P1L4,ad1 ,5,76,,*,*,*,
5,IL,LA3944,P1L4,ad2 ,2,58,,*,*,*,
6,IL,LA3944,P1L4,ad3 ,1,67,,*,*,*,
7,IL,LA3944,P2L4,ab1 ,65,115,,*,*,*,
8,IL,LA3944,P2L4,ab2 ,70,129,,*,*,*,
9,IL,LA3944,P2L4,ab3 ,65,140,,*,*,*,
10,IL,LA3944,P2L4,ad1 ,3,66,,*,*,*,
11,IL,LA3944,P2L4,ad2 ,3,80,,*,*,*,
12,IL,LA3944,P2L4,ad3 ,4,89,,*,*,*,
13,IL,LA3944,P3L4,ab1 ,57,145,,*,*,*,
14,IL,LA3944,P3L4,ab2 ,58,135,,*,*,*,
15,IL,LA3944,P3L4,ab3 ,60,125,,*,*,*,
16,IL,LA3944,P3L4,ad1 ,5,88,,*,*,*,
17,IL,LA3944,P3L4,ad2 ,3,92,,*,*,*,
18,IL,LA3944,P3L4,ad3 ,4,95,,*,*,*,
19,IL,LA3944,P4L4,ab1 ,32,84,,*,*,*,
20,IL,LA3944,P4L4,ab2 ,43,79,,*,*,*,
21,IL,LA3944,P4L4,ab3 ,38,80,,*,*,*,
22,IL,LA3944,P4L4,ad1 ,5,56,,*,*,*,
23,IL,LA3944,P4L4,ad2 ,2,57,,*,*,*,
24,IL,LA3944,P4L4,ad3 ,2,52,,*,*,*,
25,IL,LA3944,P5L4,ab1 ,52,104,,*,*,*,
26,IL,LA3944,P5L4,ab2 ,50,93,,*,*,*,
27,IL,LA3944,P5L4,ab3 ,47,110,,*,*,*,
28,IL,LA3944,P5L4,ad1 ,1,70,,*,*,*,
29,IL,LA3944,P5L4,ad2 ,1,67,,*,*,*,
30,IL,LA3944,P5L4,ad3 ,2,71,,*,*,*,
31,IL,LA3944,P6L4,ab1 ,40,88,,*,*,*,
32,IL,LA3944,P6L4,ab2 ,43,90,,*,*,*,
33,IL,LA3944,P6L4,ab3 ,43,107,,*,*,*,
34,IL,LA3944,P6L4,ad1 ,1,63,,*,*,*,
35,IL,LA3944,P6L4,ad2 ,1,60,,*,*,*,
36,IL,LA3944,P6L4,ad3 ,2,60,,*,*,*,
37,IL,LA3944,P7L4,ab1 ,54,116,,*,*,*,
38,IL,LA3944,P7L4,ab2 ,67,126,,*,*,*,
39,IL,LA3944,P7L4,ab3 ,54,130,,*,*,*,
40,IL,LA3944,P7L4,ad1 ,4,69,,*,*,*,
41,IL,LA3944,P7L4,ad2 ,1,90,,*,*,*,
42,IL,LA3944,P7L4,ad3 ,4,93,,*,*,*,
43,IL,LA3944,P8L4,ab1 ,49,114,,*,*,*,
44,IL,LA3944,P8L4,ab2 ,55,106,,*,*,*,
45,IL,LA3944,P8L4,ab3 ,46,109,,*,*,*,
46,IL,LA3944,P8L4,ad1 ,2,76,,*,*,*,
47,IL,LA3944,P8L4,ad2 ,1,74,,*,*,*,
48,IL,LA3944,P8L4,ad3 ,1,71,,*,*,*,
1,IL,LA3945,P1L4,ab1,28,95,*,*,*,*,
2,IL,LA3945,P1L4,ab2,35,117,*,*,*,*,
3,IL,LA3945,P1L4,ab3,39,99,*,*,*,*,
4,IL,LA3945,P1L4,ad1,1,109,*,*,*,*,
5,IL,LA3945,P1L4,ad2,2,115,*,*,*,*,
6,IL,LA3945,P1L4,ad3,3,99,*,*,*,*,
7,IL,LA3945,P2L4,ab1,34,104,*,*,*,*,
8,IL,LA3945,P2L4,ab2,36,127,*,*,*,*,
9,IL,LA3945,P2L4,ab3,36,116,*,*,*,*,
10,IL,LA3945,P2L4,ad1,3,113,*,*,*,*,
11,IL,LA3945,P2L4,ad2,5,90,*,*,*,*,
12,IL,LA3945,P2L4,ad3,2,96,*,*,*,*,
13,IL,LA3945,P3L4,ab1,44,117,*,*,*,*,
14,IL,LA3945,P3L4,ab2,44,133,*,*,*,*,
15,IL,LA3945,P3L4,ab3,47,125,*,*,*,*,
16,IL,LA3945,P3L4,ad1,5,80,*,*,*,*,
17,IL,LA3945,P3L4,ad2,3,75,*,*,*,*,
18,IL,LA3945,P3L4,ad3,8,103,*,*,*,*,
19,IL,LA3945,P4L4,ab1,53,135,*,*,*,*,
20,IL,LA3945,P4L4,ab2,54,129,*,*,*,*,
21,IL,LA3945,P4L4,ab3,45,126,*,*,*,*,
22,IL,LA3945,P4L4,ad1,1,131,*,*,*,*,
23,IL,LA3945,P4L4,ad2,1,132,*,*,*,*,
24,IL,LA3945,P4L4,ad3,6,110,*,*,*,*,
25,IL,LA3945,P5L4,ab1,43,108,*,*,*,*,
26,IL,LA3945,P5L4,ab2,43,116,*,*,*,*,
27,IL,LA3945,P5L4,ab3,44,108,*,*,*,*,
28,IL,LA3945,P5L4,ad1,9,96,*,*,*,*,
29,IL,LA3945,P5L4,ad2,7,104,*,*,*,*,
30,IL,LA3945,P5L4,ad3,2,101,*,*,*,*,
31,IL,LA3945,P6L4,ab1,57,138,*,*,*,*,
32,IL,LA3945,P6L4,ab2,50,140,*,*,*,*,
33,IL,LA3945,P6L4,ab3,53,134,*,*,*,*,
34,IL,LA3945,P6L4,ad1,6,116,*,*,*,*,
35,IL,LA3945,P6L4,ad2,7,138,*,*,*,*,
36,IL,LA3945,P6L4,ad3,10,123,*,*,*,*,
37,IL,LA3945,P7L4,ab1,51,116,*,*,*,*,
38,IL,LA3945,P7L4,ab2,65,150,*,*,*,*,
39,IL,LA3945,P7L4,ab3,67,132,*,*,*,*,
40,IL,LA3945,P7L4,ad1,8,133,*,*,*,*,
41,IL,LA3945,P7L4,ad2,10,126,*,*,*,*,
42,IL,LA3945,P7L4,ad3,7,100,*,*,*,*,
43,IL,LA3945,P8L4,ab1,36,83,*,*,*,*,
44,IL,LA3945,P8L4,ab2,38,94,*,*,*,*,
45,IL,LA3945,P8L4,ab3,40,98,*,*,*,*,
46,IL,LA3945,P8L4,ad1,7,90,*,*,*,*,
47,IL,LA3945,P8L4,ad2,5,81,*,*,*,*,
48,IL,LA3945,P8L4,ad3,3,85,*,*,*,*,
1,IL,LA3949,P1L4,ab1,26,88,*,*,*,,
2,IL,LA3949,P1L4,ab2,26,78,*,*,*,,
3,IL,LA3949,P1L4,ab3,26,85,*,*,*,,
4,IL,LA3949,P1L4,ad1,4,77,*,*,*,,
5,IL,LA3949,P1L4,ad2,2,83,*,*,*,,
6,IL,LA3949,P1L4,ad3,4,82,*,*,*,,
7,IL,LA3949,P2L4,ab1,41,134,*,*,*,,
8,IL,LA3949,P2L4,ab2,39,124,*,*,*,,
9,IL,LA3949,P2L4,ab3,42,136,*,*,*,,
10,IL,LA3949,P2L4,ad1,5,90,*,*,*,,
11,IL,LA3949,P2L4,ad2,6,92,*,*,*,,
12,IL,LA3949,P2L4,ad3,9,86,*,*,*,,
13,IL,LA3949,P3L4,ab1,31,102,*,*,*,,
14,IL,LA3949,P3L4,ab2,28,99,*,*,*,,
15,IL,LA3949,P3L4,ab3,23,79,*,*,*,,
16,IL,LA3949,P3L4,ad1,3,120,*,*,*,,
17,IL,LA3949,P3L4,ad2,2,128,*,*,*,,
18,IL,LA3949,P3L4,ad3,3,149,*,*,*,,
19,IL,LA3949,P4L4,ab1,45,105,*,*,*,,
20,IL,LA3949,P4L4,ab2,35,105,*,*,*,,
21,IL,LA3949,P4L4,ab3,40,108,*,*,*,,
22,IL,LA3949,P4L4,ad1,14,79,*,*,*,,
23,IL,LA3949,P4L4,ad2,4,57,*,*,*,,
24,IL,LA3949,P4L4,ad3,12,60,*,*,*,,
25,IL,LA3949,P5L4,ab1,37,117,*,*,*,,
26,IL,LA3949,P5L4,ab2,40,133,*,*,*,,
27,IL,LA3949,P5L4,ab3,38,116,*,*,*,,
28,IL,LA3949,P5L4,ad1,7,129,*,*,*,,
29,IL,LA3949,P5L4,ad2,7,102,*,*,*,,
30,IL,LA3949,P5L4,ad3,8,118,*,*,*,,
31,IL,LA3949,P6L4,ab1,40,104,*,*,*,,
32,IL,LA3949,P6L4,ab2,45,110,*,*,*,,
33,IL,LA3949,P6L4,ab3,39,94,*,*,*,,
34,IL,LA3949,P6L4,ad1,7,60,*,*,*,,
35,IL,LA3949,P6L4,ad2,12,75,*,*,*,,
36,IL,LA3949,P6L4,ad3,7,60,*,*,*,,
37,IL,LA3949,P7L4,ab1,20,59,*,*,*,,
38,IL,LA3949,P7L4,ab2,14,59,*,*,*,,
39,IL,LA3949,P7L4,ab3,20,69,*,*,*,,
40,IL,LA3949,P7L4,ad1,3,69,*,*,*,,
41,IL,LA3949,P7L4,ad2,3,63,*,*,*,,
42,IL,LA3949,P7L4,ad3,4,58,*,*,*,,
43,IL,LA3949,P8L4,ab1,36,107,*,*,*,,
44,IL,LA3949,P8L4,ab2,47,122,*,*,*,,
45,IL,LA3949,P8L4,ab3,50,134,*,*,*,,
46,IL,LA3949,P8L4,ad1,15,151,*,*,*,,
47,IL,LA3949,P8L4,ad2,9,146,*,*,*,,
48,IL,LA3949,P8L4,ad3,8,154,*,*,*,,
1,IL,LA3953,P1L4,ab1 ,30,75,,*,*,,
2,IL,LA3953,P1L4,ab2 ,41,88,,*,*,,
3,IL,LA3953,P1L4,ab3 ,28,68,,*,*,,
4,IL,LA3953,P1L4,ad1 ,2,57,,*,*,,
5,IL,LA3953,P1L4,ad2 ,4,55,,*,*,,
6,IL,LA3953,P1L4,ad3 ,4,66,,*,*,,
7,IL,LA3953,P2L4,ab1 ,25,78,,*,*,,
8,IL,LA3953,P2L4,ab2 ,21,56,,*,*,,
9,IL,LA3953,P2L4,ab3 ,21,56,,*,*,,
10,IL,LA3953,P2L4,ad1 ,4,52,,*,*,,
11,IL,LA3953,P2L4,ad2 ,5,54,,*,*,,
12,IL,LA3953,P2L4,ad3 ,3,40,,*,*,,
13,IL,LA3953,P3L4,ab1 ,42,107,,*,*,,
14,IL,LA3953,P3L4,ab2 ,41,104,,*,*,,
15,IL,LA3953,P3L4,ab3 ,47,95,,*,*,,
16,IL,LA3953,P3L4,ad1 ,8,75,,*,*,,
17,IL,LA3953,P3L4,ad2 ,8,85,,*,*,,
18,IL,LA3953,P3L4,ad3 ,7,80,,*,*,,
19,IL,LA3953,P4L4,ab1 ,51,137,,*,*,,
20,IL,LA3953,P4L4,ab2 ,48,110,,*,*,,
21,IL,LA3953,P4L4,ab3 ,44,108,,*,*,,
22,IL,LA3953,P4L4,ad1 ,7,87,,*,*,,
23,IL,LA3953,P4L4,ad2 ,7,87,,*,*,,
24,IL,LA3953,P4L4,ad3 ,8,83,,*,*,,
25,IL,LA3953,P5L4,ab1 ,41,99,,*,*,,
26,IL,LA3953,P5L4,ab2 ,37,99,,*,*,,
27,IL,LA3953,P5L4,ab3 ,45,124,,*,*,,
28,IL,LA3953,P5L4,ad1 ,6,98,,*,*,,
29,IL,LA3953,P5L4,ad2 ,9,101,,*,*,,
30,IL,LA3953,P5L4,ad3 ,9,95,,*,*,,
31,IL,LA3953,P6L4,ab1 ,23,65,,*,*,,
32,IL,LA3953,P6L4,ab2 ,22,62,,*,*,,
33,IL,LA3953,P6L4,ab3 ,20,56,,*,*,,
34,IL,LA3953,P6L4,ad1 ,2,50,,*,*,,
35,IL,LA3953,P6L4,ad2 ,5,53,,*,*,,
36,IL,LA3953,P6L4,ad3 ,6,65,,*,*,,
1,IL,LA3954,P1L4,ab1,43,102,*,*,*,*,
2,IL,LA3954,P1L4,ab2,46,93,*,*,*,*,
3,IL,LA3954,P1L4,ab3,41,101,*,*,*,*,
4,IL,LA3954,P1L4,ad1,11,85,*,*,*,*,
5,IL,LA3954,P1L4,ad2,13,96,*,*,*,*,
6,IL,LA3954,P1L4,ad3,12,87,*,*,*,*,
7,IL,LA3954,P2L4,ab1,35,87,*,*,*,*,
8,IL,LA3954,P2L4,ab2,27,74,*,*,*,*,
9,IL,LA3954,P2L4,ab3,30,83,*,*,*,*,
10,IL,LA3954,P2L4,ad1,3,63,*,*,*,*,
11,IL,LA3954,P2L4,ad2,5,81,*,*,*,*,
12,IL,LA3954,P2L4,ad3,8,57,*,*,*,*,
13,IL,LA3954,P3L4,ab1,28,65,*,*,*,*,
14,IL,LA3954,P3L4,ab2,39,68,*,*,*,*,
15,IL,LA3954,P3L4,ab3,26,59,*,*,*,*,
16,IL,LA3954,P3L4,ad1,2,68,*,*,*,*,
17,IL,LA3954,P3L4,ad2,2,64,*,*,*,*,
18,IL,LA3954,P3L4,ad3,6,84,*,*,*,*,
19,IL,LA3954,P4L4,ab1,46,91,*,*,*,*,
20,IL,LA3954,P4L4,ab2,39,89,*,*,*,*,
21,IL,LA3954,P4L4,ab3,52,105,*,*,*,*,
22,IL,LA3954,P4L4,ad1,6,89,*,*,*,*,
23,IL,LA3954,P4L4,ad2,3,81,*,*,*,*,
24,IL,LA3954,P4L4,ad3,3,85,*,*,*,*,
25,IL,LA3954,P5L4,ab1,50,141,*,*,*,*,
26,IL,LA3954,P5L4,ab2,61,150,*,*,*,*,
27,IL,LA3954,P5L4,ab3,61,166,*,*,*,*,
28,IL,LA3954,P5L4,ad1,2,190,*,*,*,*,
29,IL,LA3954,P5L4,ad2,14,166,*,*,*,*,
30,IL,LA3954,P5L4,ad3,3,139,*,*,*,*,
31,IL,LA3954,P6L4,ab1,42,79,*,*,*,*,
32,IL,LA3954,P6L4,ab2,51,92,*,*,*,*,
33,IL,LA3954,P6L4,ab3,40,79,*,*,*,*,
34,IL,LA3954,P6L4,ad1,4,83,*,*,*,*,
35,IL,LA3954,P6L4,ad2,0,69,*,*,*,*,
36,IL,LA3954,P6L4,ad3,1,87,*,*,*,*,
37,IL,LA3954,P7L4,ab1,38,92,*,*,*,*,
38,IL,LA3954,P7L4,ab2,28,78,*,*,*,*,
39,IL,LA3954,P7L4,ab3,32,72,*,*,*,*,
40,IL,LA3954,P7L4,ad1,4,104,*,*,*,*,
41,IL,LA3954,P7L4,ad2,1,83,*,*,*,*,
42,IL,LA3954,P7L4,ad3,1,91,*,*,*,*,
1,IL,LA3956,P1L4,ab1,33,87,*,*,,,
2,IL,LA3956,P1L4,ab2,31,80,*,*,,,
3,IL,LA3956,P1L4,ab3,37,91,*,*,,,
4,IL,LA3956,P1L4,ad1,8,48,*,*,,,
5,IL,LA3956,P1L4,ad2,8,48,*,*,,,
6,IL,LA3956,P1L4,ad3,8,74,*,*,,,
7,IL,LA3956,P2L4,ab1,55,119,*,*,,,
8,IL,LA3956,P2L4,ab2,55,121,*,*,,,
9,IL,LA3956,P2L4,ab3,58,120,*,*,,,
10,IL,LA3956,P2L4,ad1,8,127,*,*,,,
11,IL,LA3956,P2L4,ad2,11,135,*,*,,,
12,IL,LA3956,P2L4,ad3,9,120,*,*,,,
13,IL,LA3956,P3L4,ab1,69,123,*,*,,,
14,IL,LA3956,P3L4,ab2,58,109,*,*,,,
15,IL,LA3956,P3L4,ab3,61,125,*,*,,,
16,IL,LA3956,P3L4,ad1,12,117,*,*,,,
17,IL,LA3956,P3L4,ad2,15,162,*,*,,,
18,IL,LA3956,P3L4,ad3,15,125,*,*,,,
19,IL,LA3956,P4L4,ab1,20,71,*,*,,,
20,IL,LA3956,P4L4,ab2,23,74,*,*,,,
21,IL,LA3956,P4L4,ab3,20,69,*,*,,,
22,IL,LA3956,P4L4,ad1,6,72,*,*,,,
23,IL,LA3956,P4L4,ad2,7,77,*,*,,,
24,IL,LA3956,P4L4,ad3,12,76,*,*,,,
25,IL,LA3956,P5L4,ab1,29,79,*,*,,,
26,IL,LA3956,P5L4,ab2,28,73,*,*,,,
27,IL,LA3956,P5L4,ab3,26,65,*,*,,,
28,IL,LA3956,P5L4,ad1,2,64,*,*,,,
29,IL,LA3956,P5L4,ad2,3,75,*,*,,,
30,IL,LA3956,P5L4,ad3,3,66,*,*,,,
31,IL,LA3956,P6L4,ab1,31,77,*,*,,,
32,IL,LA3956,P6L4,ab2,38,103,*,*,,,
33,IL,LA3956,P6L4,ab3,44,98,*,*,,,
34,IL,LA3956,P6L4,ad1,11,52,*,*,,,
35,IL,LA3956,P6L4,ad2,8,58,*,*,,,
36,IL,LA3956,P6L4,ad3,9,72,*,*,,,
1,IL,LA3958,P1L4,ab1,25,58,*,*,*,,
2,IL,LA3958,P1L4,ab2,40,86,*,*,*,,
3,IL,LA3958,P1L4,ab3,29,72,*,*,*,,
4,IL,LA3958,P1L4,ad1,2,47,*,*,*,,
5,IL,LA3958,P1L4,ad2,6,52,*,*,*,,
6,IL,LA3958,P1L4,ad3,4,45,*,*,*,,
7,IL,LA3958,P2L4,ab1,32,92,*,*,*,,
8,IL,LA3958,P2L4,ab2,33,96,*,*,*,,
9,IL,LA3958,P2L4,ab3,34,93,*,*,*,,
10,IL,LA3958,P2L4,ad1,5,81,*,*,*,,
11,IL,LA3958,P2L4,ad2,4,80,*,*,*,,
12,IL,LA3958,P2L4,ad3,4,77,*,*,*,,
13,IL,LA3958,P3L4,ab1,24,88,*,*,*,,
14,IL,LA3958,P3L4,ab2,32,106,*,*,*,,
15,IL,LA3958,P3L4,ab3,30,95,*,*,*,,
16,IL,LA3958,P3L4,ad1,5,89,*,*,*,,
17,IL,LA3958,P3L4,ad2,6,96,*,*,*,,
18,IL,LA3958,P3L4,ad3,5,97,*,*,*,,
19,IL,LA3958,P4L4,ab1,23,71,*,*,*,,
20,IL,LA3958,P4L4,ab2,21,71,*,*,*,,
21,IL,LA3958,P4L4,ab3,24,81,*,*,*,,
22,IL,LA3958,P4L4,ad1,6,69,*,*,*,,
23,IL,LA3958,P4L4,ad2,3,65,*,*,*,,
24,IL,LA3958,P4L4,ad3,3,62,*,*,*,,
25,IL,LA3958,P5L4,ab1,26,74,*,*,*,,
26,IL,LA3958,P5L4,ab2,28,80,*,*,*,,
27,IL,LA3958,P5L4,ab3,25,74,*,*,*,,
28,IL,LA3958,P5L4,ad1,3,86,*,*,*,,
29,IL,LA3958,P5L4,ad2,5,74,*,*,*,,
30,IL,LA3958,P5L4,ad3,8,77,*,*,*,,
31,IL,LA3958,P6L4,ab1,39,112,*,*,*,,
32,IL,LA3958,P6L4,ab2,43,98,*,*,*,,
33,IL,LA3958,P6L4,ab3,38,103,*,*,*,,
34,IL,LA3958,P6L4,ad1,6,104,*,*,*,,
35,IL,LA3958,P6L4,ad2,5,123,*,*,*,,
36,IL,LA3958,P6L4,ad3,9,97,*,*,*,,
37,IL,LA3958,P7L4,ab1,43,96,*,*,*,,
38,IL,LA3958,P7L4,ab2,40,103,*,*,*,,
39,IL,LA3958,P7L4,ab3,44,102,*,*,*,,
40,IL,LA3958,P7L4,ad1,9,101,*,*,*,,
41,IL,LA3958,P7L4,ad2,11,85,*,*,*,,
42,IL,LA3958,P7L4,ad3,9,87,*,*,*,,
1,IL,LA3962,P1L4,ab1 ,30,67,*,*,*,,
2,IL,LA3962,P1L4,ab2 ,32,68,*,*,*,,
3,IL,LA3962,P1L4,ab3 ,30,61,*,*,*,,
4,IL,LA3962,P1L4,ad1 ,2,60,*,*,*,,
5,IL,LA3962,P1L4,ad2 ,3,71,*,*,*,,
6,IL,LA3962,P1L4,ad3 ,3,74,*,*,*,,
7,IL,LA3962,P2L4,ab1 ,30,64,*,*,*,,
8,IL,LA3962,P2L4,ab2 ,30,67,*,*,*,,
9,IL,LA3962,P2L4,ab3 ,35,80,*,*,*,,
10,IL,LA3962,P2L4,ad1 ,11,89,*,*,*,,
11,IL,LA3962,P2L4,ad2 ,6,72,*,*,*,,
12,IL,LA3962,P2L4,ad3 ,6,74,*,*,*,,
13,IL,LA3962,P3L4,ab1 ,39,74,*,*,*,,
14,IL,LA3962,P3L4,ab2 ,30,68,*,*,*,,
15,IL,LA3962,P3L4,ab3 ,29,72,*,*,*,,
16,IL,LA3962,P3L4,ad1 ,7,68,*,*,*,,
17,IL,LA3962,P3L4,ad2 ,4,66,*,*,*,,
18,IL,LA3962,P3L4,ad3 ,3,63,*,*,*,,
19,IL,LA3962,P4L4,ab1 ,46,114,*,*,*,,
20,IL,LA3962,P4L4,ab2 ,52,116,*,*,*,,
21,IL,LA3962,P4L4,ab3 ,44,104,*,*,*,,
22,IL,LA3962,P4L4,ad1 ,12,107,*,*,*,,
23,IL,LA3962,P4L4,ad2 ,7,90,*,*,*,,
24,IL,LA3962,P4L4,ad3 ,7,93,*,*,*,,
25,IL,LA3962,P5L4,ab1 ,36,79,*,*,*,,
26,IL,LA3962,P5L4,ab2 ,42,80,*,*,*,,
27,IL,LA3962,P5L4,ab3 ,47,84,*,*,*,,
28,IL,LA3962,P5L4,ad1 ,3,63,*,*,*,,
29,IL,LA3962,P5L4,ad2 ,2,79,*,*,*,,
30,IL,LA3962,P5L4,ad3 ,9,87,*,*,*,,
31,IL,LA3962,P6L4,ab1 ,50,96,*,*,*,,
32,IL,LA3962,P6L4,ab2 ,44,91,*,*,*,,
33,IL,LA3962,P6L4,ab3 ,40,98,*,*,*,,
34,IL,LA3962,P6L4,ad1 ,6,108,*,*,*,,
35,IL,LA3962,P6L4,ad2 ,4,81,*,*,*,,
36,IL,LA3962,P6L4,ad3 ,6,89,*,*,*,,
37,IL,LA3962,P7L4,ab1 ,52,108,*,*,*,,
38,IL,LA3962,P7L4,ab2 ,49,107,*,*,*,,
39,IL,LA3962,P7L4,ab3 ,49,107,*,*,*,,
40,IL,LA3962,P7L4,ad1 ,12,95,*,*,*,,
41,IL,LA3962,P7L4,ad2 ,14,91,*,*,*,,
42,IL,LA3962,P7L4,ad3 ,14,94,*,*,*,,
1,IL,LA3965,P1L4,ab1,40,114,*,*,*,,
2,IL,LA3965,P1L4,ab2,33,90,*,*,*,,
3,IL,LA3965,P1L4,ab3,40,106,*,*,*,,
4,IL,LA3965,P1L4,ad1,4,101,*,*,*,,
5,IL,LA3965,P1L4,ad2,3,86,*,*,*,,
6,IL,LA3965,P1L4,ad3,7,91,*,*,*,,
7,IL,LA3965,P2L4,ab1,35,73,*,*,*,,
8,IL,LA3965,P2L4,ab2,30,68,*,*,*,,
9,IL,LA3965,P2L4,ab3,27,59,*,*,*,,
10,IL,LA3965,P2L4,ad1,2,62,*,*,*,,
11,IL,LA3965,P2L4,ad2,3,48,*,*,*,,
12,IL,LA3965,P2L4,ad3,1,74,*,*,*,,
13,IL,LA3965,P3L4,ab1,37,108,*,*,*,,
14,IL,LA3965,P3L4,ab2,36,113,*,*,*,,
15,IL,LA3965,P3L4,ab3,33,105,*,*,*,,
16,IL,LA3965,P3L4,ad1,2,81,*,*,*,,
17,IL,LA3965,P3L4,ad2,5,94,*,*,*,,
18,IL,LA3965,P3L4,ad3,4,102,*,*,*,,
19,IL,LA3965,P4L4,ab1,27,80,*,*,*,,
20,IL,LA3965,P4L4,ab2,29,73,*,*,*,,
21,IL,LA3965,P4L4,ab3,26,81,*,*,*,,
22,IL,LA3965,P4L4,ad1,3,71,*,*,*,,
23,IL,LA3965,P4L4,ad2,2,73,*,*,*,,
24,IL,LA3965,P4L4,ad3,2,73,*,*,*,,
25,IL,LA3965,P5L4,ab1,32,88,*,*,*,,
26,IL,LA3965,P5L4,ab2,29,101,*,*,*,,
27,IL,LA3965,P5L4,ab3,27,85,*,*,*,,
28,IL,LA3965,P5L4,ad1,3,88,*,*,*,,
29,IL,LA3965,P5L4,ad2,8,87,*,*,*,,
30,IL,LA3965,P5L4,ad3,5,85,*,*,*,,
31,IL,LA3965,P6L4,ab1,27,88,*,*,*,,
32,IL,LA3965,P6L4,ab2,25,93,*,*,*,,
33,IL,LA3965,P6L4,ab3,28,89,*,*,*,,
34,IL,LA3965,P6L4,ad1,6,87,*,*,*,,
35,IL,LA3965,P6L4,ad2,5,77,*,*,*,,
36,IL,LA3965,P6L4,ad3,4,81,*,*,*,,
37,IL,LA3965,P7L4,ab1,30,89,*,*,*,,
38,IL,LA3965,P7L4,ab2,28,95,*,*,*,,
39,IL,LA3965,P7L4,ab3,37,93,*,*,*,,
40,IL,LA3965,P7L4,ad1,1,80,*,*,*,,
41,IL,LA3965,P7L4,ad2,3,75,*,*,*,,
42,IL,LA3965,P7L4,ad3,1,75,*,*,*,,
1,IL,LA3966,P1L4,ab1 ,40,121,*,*,*,*,
2,IL,LA3966,P1L4,ab2 ,39,111,*,*,*,*,
3,IL,LA3966,P1L4,ab3 ,39,110,*,*,*,*,
4,IL,LA3966,P1L4,ad1 ,1,67,*,*,*,*,
5,IL,LA3966,P1L4,ad2 ,0,84,*,*,*,*,
6,IL,LA3966,P1L4,ad3 ,1,61,*,*,*,*,
7,IL,LA3966,P2L4,ab1 ,49,112,*,*,*,*,
8,IL,LA3966,P2L4,ab2 ,48,120,*,*,*,*,
9,IL,LA3966,P2L4,ab3 ,51,129,*,*,*,*,
10,IL,LA3966,P2L4,ad1 ,1,113,*,*,*,*,
11,IL,LA3966,P2L4,ad2 ,0,86,*,*,*,*,
12,IL,LA3966,P2L4,ad3 ,0,94,*,*,*,*,
13,IL,LA3966,P3L4,ab1 ,61,147,*,*,*,*,
14,IL,LA3966,P3L4,ab2 ,58,143,*,*,*,*,
15,IL,LA3966,P3L4,ab3 ,73,139,*,*,*,*,
16,IL,LA3966,P3L4,ad1 ,7,160,*,*,*,*,
17,IL,LA3966,P3L4,ad2 ,3,158,*,*,*,*,
18,IL,LA3966,P3L4,ad3 ,3,146,*,*,*,*,
19,IL,LA3966,P4L4,ab1 ,50,115,*,*,*,*,
20,IL,LA3966,P4L4,ab2 ,43,110,*,*,*,*,
21,IL,LA3966,P4L4,ab3 ,40,100,*,*,*,*,
22,IL,LA3966,P4L4,ad1 ,1,77,*,*,*,*,
23,IL,LA3966,P4L4,ad2 ,0,79,*,*,*,*,
24,IL,LA3966,P4L4,ad3 ,1,78,*,*,*,*,
25,IL,LA3966,P5L4,ab1 ,65,139,*,*,*,*,
26,IL,LA3966,P5L4,ab2 ,55,134,*,*,*,*,
27,IL,LA3966,P5L4,ab3 ,57,132,*,*,*,*,
28,IL,LA3966,P5L4,ad1 ,2,126,*,*,*,*,
29,IL,LA3966,P5L4,ad2 ,2,109,*,*,*,*,
30,IL,LA3966,P5L4,ad3 ,15,137,*,*,*,*,
31,IL,LA3966,P6L4,ab1 ,52,117,*,*,*,*,
32,IL,LA3966,P6L4,ab2 ,45,118,*,*,*,*,
33,IL,LA3966,P6L4,ab3 ,48,112,*,*,*,*,
34,IL,LA3966,P6L4,ad1 ,6,108,*,*,*,*,
35,IL,LA3966,P6L4,ad2 ,7,95,*,*,*,*,
36,IL,LA3966,P6L4,ad3 ,15,118,*,*,*,*,
37,IL,LA3966,P7L4,ab1 ,74,178,*,*,*,*,
38,IL,LA3966,P7L4,ab2 ,58,170,*,*,*,*,
39,IL,LA3966,P7L4,ab3 ,64,182,*,*,*,*,
40,IL,LA3966,P7L4,ad1 ,6,153,*,*,*,*,
41,IL,LA3966,P7L4,ad2 ,11,177,*,*,*,*,
42,IL,LA3966,P7L4,ad3 ,3,176,*,*,*,*,
43,IL,LA3966,P8L4,ab1 ,53,107,*,*,*,*,
44,IL,LA3966,P8L4,ab2 ,44,104,*,*,*,*,
45,IL,LA3966,P8L4,ab3 ,49,113,*,*,*,*,
46,IL,LA3966,P8L4,ad1 ,4,72,*,*,*,*,
47,IL,LA3966,P8L4,ad2 ,9,86,*,*,*,*,
48,IL,LA3966,P8L4,ad3 ,6,72,*,*,*,*,
1,IL,LA3967,P1L4,ab1,32,74,,,*,,
2,IL,LA3967,P1L4,ab2,38,95,,,*,,
3,IL,LA3967,P1L4,ab3,30,76,,,*,,
4,IL,LA3967,P1L4,ad1,8,70,,,*,,
5,IL,LA3967,P1L4,ad2,10,79,,,*,,
6,IL,LA3967,P1L4,ad3,7,68,,,*,,
7,IL,LA3967,P2L4,ab1,22,76,,,*,,
8,IL,LA3967,P2L4,ab2,31,91,,,*,,
9,IL,LA3967,P2L4,ab3,26,81,,,*,,
10,IL,LA3967,P2L4,ad1,1,61,,,*,,
11,IL,LA3967,P2L4,ad2,1,57,,,*,,
12,IL,LA3967,P2L4,ad3,2,80,,,*,,
13,IL,LA3967,P3L4,ab1,38,83,,,*,,
14,IL,LA3967,P3L4,ab2,36,82,,,*,,
15,IL,LA3967,P3L4,ab3,28,76,,,*,,
16,IL,LA3967,P3L4,ad1,5,75,,,*,,
17,IL,LA3967,P3L4,ad2,5,71,,,*,,
18,IL,LA3967,P3L4,ad3,6,83,,,*,,
19,IL,LA3967,P4L4,ab1,21,65,,,*,,
20,IL,LA3967,P4L4,ab2,18,70,,,*,,
21,IL,LA3967,P4L4,ab3,22,59,,,*,,
22,IL,LA3967,P4L4,ad1,3,64,,,*,,
23,IL,LA3967,P4L4,ad2,1,66,,,*,,
24,IL,LA3967,P4L4,ad3,4,53,,,*,,
25,IL,LA3967,P5L4,ab1,27,70,,,*,,
26,IL,LA3967,P5L4,ab2,25,60,,,*,,
27,IL,LA3967,P5L4,ab3,19,66,,,*,,
28,IL,LA3967,P5L4,ad1,1,48,,,*,,
29,IL,LA3967,P5L4,ad2,3,56,,,*,,
30,IL,LA3967,P5L4,ad3,2,61,,,*,,
1,IL,LA3968,P1L4,ab1 ,74,150,*,*,*,*,
2,IL,LA3968,P1L4,ab2 ,81,161,*,*,*,*,
3,IL,LA3968,P1L4,ab3 ,86,191,*,*,*,*,
4,IL,LA3968,P1L4,ad1 ,9,142,*,*,*,*,
5,IL,LA3968,P1L4,ad2 ,0,161,*,*,*,*,
6,IL,LA3968,P1L4,ad3 ,1,150,*,*,*,*,
7,IL,LA3968,P2L4,ab1 ,91,203,*,*,*,*,
8,IL,LA3968,P2L4,ab2 ,88,189,*,*,*,*,
9,IL,LA3968,P2L4,ab3 ,91,221,*,*,*,*,
10,IL,LA3968,P2L4,ad1 ,2,139,*,*,*,*,
11,IL,LA3968,P2L4,ad2 ,2,121,*,*,*,*,
12,IL,LA3968,P2L4,ad3 ,4,132,*,*,*,*,
13,IL,LA3968,P3L4,ab1 ,84,202,*,*,*,*,
14,IL,LA3968,P3L4,ab2 ,82,178,*,*,*,*,
15,IL,LA3968,P3L4,ab3 ,77,199,*,*,*,*,
16,IL,LA3968,P3L4,ad1 ,2,140,*,*,*,*,
17,IL,LA3968,P3L4,ad2 ,1,114,*,*,*,*,
18,IL,LA3968,P3L4,ad3 ,1,118,*,*,*,*,
19,IL,LA3968,P4L4,ab1 ,82,188,*,*,*,*,
20,IL,LA3968,P4L4,ab2 ,89,185,*,*,*,*,
21,IL,LA3968,P4L4,ab3 ,113,237,*,*,*,*,
22,IL,LA3968,P4L4,ad1 ,7,146,*,*,*,*,
23,IL,LA3968,P4L4,ad2 ,20,134,*,*,*,*,
24,IL,LA3968,P4L4,ad3 ,1,120,*,*,*,*,
25,IL,LA3968,P5L4,ab1 ,103,193,*,*,*,*,
26,IL,LA3968,P5L4,ab2 ,91,189,*,*,*,*,
27,IL,LA3968,P5L4,ab3 ,82,189,*,*,*,*,
28,IL,LA3968,P5L4,ad1 ,2,155,*,*,*,*,
29,IL,LA3968,P5L4,ad2 ,2,161,*,*,*,*,
30,IL,LA3968,P5L4,ad3 ,3,132,*,*,*,*,
31,IL,LA3968,P6L4,ab1 ,87,199,*,*,*,*,
32,IL,LA3968,P6L4,ab2 ,100,184,*,*,*,*,
33,IL,LA3968,P6L4,ab3 ,68,201,*,*,*,*,
34,IL,LA3968,P6L4,ad1 ,1,121,*,*,*,*,
35,IL,LA3968,P6L4,ad2 ,1,159,*,*,*,*,
36,IL,LA3968,P6L4,ad3 ,0,161,*,*,*,*,
37,IL,LA3968,P7L4,ab1 ,90,178,*,*,*,*,
38,IL,LA3968,P7L4,ab2 ,85,192,*,*,*,*,
39,IL,LA3968,P7L4,ab3 ,80,171,*,*,*,*,
40,IL,LA3968,P7L4,ad1 ,2,119,*,*,*,*,
41,IL,LA3968,P7L4,ad2 ,5,151,*,*,*,*,
42,IL,LA3968,P7L4,ad3 ,7,158,*,*,*,*,
43,IL,LA3968,P8L4,ab1 ,109,232,*,*,*,*,
44,IL,LA3968,P8L4,ab2 ,111,242,*,*,*,*,
45,IL,LA3968,P8L4,ab3 ,101,243,*,*,*,*,
46,IL,LA3968,P8L4,ad1 ,5,167,*,*,*,*,
47,IL,LA3968,P8L4,ad2 ,2,166,*,*,*,*,
48,IL,LA3968,P8L4,ad3 ,3,151,*,*,*,*,
1,IL,LA3969,P1L4,ab1 ,49,138,*,*,,*,
2,IL,LA3969,P1L4,ab2 ,65,164,*,*,,*,
3,IL,LA3969,P1L4,ab3 ,45,127,*,*,,*,
4,IL,LA3969,P1L4,ad1 ,11,156,*,*,,*,
5,IL,LA3969,P1L4,ad2 ,9,177,*,*,,*,
6,IL,LA3969,P1L4,ad3 ,12,184,*,*,,*,
7,IL,LA3969,P2L4,ab1 ,44,160,*,*,,*,
8,IL,LA3969,P2L4,ab2 ,44,139,*,*,,*,
9,IL,LA3969,P2L4,ab3 ,47,137,*,*,,*,
10,IL,LA3969,P2L4,ad1 ,9,159,*,*,,*,
11,IL,LA3969,P2L4,ad2 ,8,174,*,*,,*,
12,IL,LA3969,P2L4,ad3 ,11,159,*,*,,*,
13,IL,LA3969,P3L4,ab1 ,46,124,*,*,,*,
14,IL,LA3969,P3L4,ab2 ,57,143,*,*,,*,
15,IL,LA3969,P3L4,ab3 ,53,124,*,*,,*,
16,IL,LA3969,P3L4,ad1 ,7,144,*,*,,*,
17,IL,LA3969,P3L4,ad2 ,7,148,*,*,,*,
18,IL,LA3969,P3L4,ad3 ,5,148,*,*,,*,
19,IL,LA3969,P4L4,ab1 ,35,95,*,*,,*,
20,IL,LA3969,P4L4,ab2 ,42,116,*,*,,*,
21,IL,LA3969,P4L4,ab3 ,38,98,*,*,,*,
22,IL,LA3969,P4L4,ad1 ,4,106,*,*,,*,
23,IL,LA3969,P4L4,ad2 ,4,94,*,*,,*,
24,IL,LA3969,P4L4,ad3 ,8,104,*,*,,*,
25,IL,LA3969,P5L4,ab1 ,49,137,*,*,,*,
26,IL,LA3969,P5L4,ab2 ,47,128,*,*,,*,
27,IL,LA3969,P5L4,ab3 ,48,125,*,*,,*,
28,IL,LA3969,P5L4,ad1 ,3,139,*,*,,*,
29,IL,LA3969,P5L4,ad2 ,5,143,*,*,,*,
30,IL,LA3969,P5L4,ad3 ,8,147,*,*,,*,
31,IL,LA3969,P6L4,ab1 ,51,163,*,*,,*,
32,IL,LA3969,P6L4,ab2 ,50,139,*,*,,*,
33,IL,LA3969,P6L4,ab3 ,42,116,*,*,,*,
34,IL,LA3969,P6L4,ad1 ,7,146,*,*,,*,
35,IL,LA3969,P6L4,ad2 ,7,150,*,*,,*,
36,IL,LA3969,P6L4,ad3 ,12,165,*,*,,*,
37,IL,LA3969,P7L4,ab1 ,52,123,*,*,,*,
38,IL,LA3969,P7L4,ab2 ,52,132,*,*,,*,
39,IL,LA3969,P7L4,ab3 ,49,119,*,*,,*,
40,IL,LA3969,P7L4,ad1 ,5,145,*,*,,*,
41,IL,LA3969,P7L4,ad2 ,6,157,*,*,,*,
42,IL,LA3969,P7L4,ad3 ,4,147,*,*,,*,
43,IL,LA3969,P8L4,ab1 ,54,117,*,*,,*,
44,IL,LA3969,P8L4,ab2 ,44,109,*,*,,*,
45,IL,LA3969,P8L4,ab3 ,47,121,*,*,,*,
46,IL,LA3969,P8L4,ad1 ,10,127,*,*,,*,
47,IL,LA3969,P8L4,ad2 ,11,143,*,*,,*,
48,IL,LA3969,P8L4,ad3 ,6,126,*,*,,*,
1,IL,LA3994,P1L4,ab1 ,70,137,*,*,*,*,
2,IL,LA3994,P1L4,ab2 ,71,188,*,*,*,*,
3,IL,LA3994,P1L4,ab3 ,62,171,*,*,*,*,
4,IL,LA3994,P1L4,ad1 ,15,153,*,*,*,*,
5,IL,LA3994,P1L4,ad2 ,9,152,*,*,*,*,
6,IL,LA3994,P1L4,ad3 ,8,146,*,*,*,*,
7,IL,LA3994,P2L4,ab1 ,25,78,*,*,*,*,
8,IL,LA3994,P2L4,ab2 ,36,91,*,*,*,*,
9,IL,LA3994,P2L4,ab3 ,38,91,*,*,*,*,
10,IL,LA3994,P2L4,ad1 ,13,77,*,*,*,*,
11,IL,LA3994,P2L4,ad2 ,16,71,*,*,*,*,
12,IL,LA3994,P2L4,ad3 ,15,79,*,*,*,*,
13,IL,LA3994,P3L4,ab1 ,32,129,*,*,*,*,
14,IL,LA3994,P3L4,ab2 ,34,120,*,*,*,*,
15,IL,LA3994,P3L4,ab3 ,42,107,*,*,*,*,
16,IL,LA3994,P3L4,ad1 ,12,80,*,*,*,*,
17,IL,LA3994,P3L4,ad2 ,9,75,*,*,*,*,
18,IL,LA3994,P3L4,ad3 ,8,80,*,*,*,*,
19,IL,LA3994,P4L4,ab1 ,44,109,*,*,*,*,
20,IL,LA3994,P4L4,ab2 ,42,94,*,*,*,*,
21,IL,LA3994,P4L4,ab3 ,45,102,*,*,*,*,
22,IL,LA3994,P4L4,ad1 ,19,88,*,*,*,*,
23,IL,LA3994,P4L4,ad2 ,11,78,*,*,*,*,
24,IL,LA3994,P4L4,ad3 ,14,83,*,*,*,*,
25,IL,LA3994,P5L4,ab1 ,37,84,*,*,*,*,
26,IL,LA3994,P5L4,ab2 ,35,87,*,*,*,*,
27,IL,LA3994,P5L4,ab3 ,33,78,*,*,*,*,
28,IL,LA3994,P5L4,ad1 ,19,77,*,*,*,*,
29,IL,LA3994,P5L4,ad2 ,11,75,*,*,*,*,
30,IL,LA3994,P5L4,ad3 ,14,83,*,*,*,*,
31,IL,LA3994,P6L4,ab1 ,43,98,*,*,*,*,
32,IL,LA3994,P6L4,ab2 ,50,111,*,*,*,*,
33,IL,LA3994,P6L4,ab3 ,46,125,*,*,*,*,
34,IL,LA3994,P6L4,ad1 ,16,104,*,*,*,*,
35,IL,LA3994,P6L4,ad2 ,17,88,*,*,*,*,
36,IL,LA3994,P6L4,ad3 ,12,86,*,*,*,*,
1,IL,LA3996,P1L4,ab1 ,34,105,,*,,,
2,IL,LA3996,P1L4,ab2 ,32,105,,*,,,
3,IL,LA3996,P1L4,ab3 ,30,96,,*,,,
4,IL,LA3996,P1L4,ad1 ,5,64,,*,,,
5,IL,LA3996,P1L4,ad2 ,4,66,,*,,,
6,IL,LA3996,P1L4,ad3 ,6,64,,*,,,
7,IL,LA3996,P2L4,ab1 ,49,134,,*,,,
8,IL,LA3996,P2L4,ab2 ,32,120,,*,,,
9,IL,LA3996,P2L4,ab3 ,52,122,,*,,,
10,IL,LA3996,P2L4,ad1 ,12,117,,*,,,
11,IL,LA3996,P2L4,ad2 ,27,106,,*,,,
12,IL,LA3996,P2L4,ad3 ,17,93,,*,,,
13,IL,LA3996,P3L4,ab1 ,34,88,,*,,,
14,IL,LA3996,P3L4,ab2 ,22,74,,*,,,
15,IL,LA3996,P3L4,ab3 ,28,69,,*,,,
16,IL,LA3996,P3L4,ad1 ,3,71,,*,,,
17,IL,LA3996,P3L4,ad2 ,8,83,,*,,,
18,IL,LA3996,P3L4,ad3 ,4,56,,*,,,
19,IL,LA3996,P4L4,ab1 ,36,107,,*,,,
20,IL,LA3996,P4L4,ab2 ,31,84,,*,,,
21,IL,LA3996,P4L4,ab3 ,24,75,,*,,,
22,IL,LA3996,P4L4,ad1 ,2,75,,*,,,
23,IL,LA3996,P4L4,ad2 ,5,82,,*,,,
24,IL,LA3996,P4L4,ad3 ,9,89,,*,,,
1,IL,LA3999,P1L4,ab1 ,24,70,,,*,,
2,IL,LA3999,P1L4,ab2 ,30,76,,,*,,
3,IL,LA3999,P1L4,ab3 ,33,90,,,*,,
4,IL,LA3999,P1L4,ad1 ,3,113,,,*,,
5,IL,LA3999,P1L4,ad2 ,4,99,,,*,,
6,IL,LA3999,P1L4,ad3 ,7,94,,,*,,
7,IL,LA3999,P2L4,ab1 ,33,97,,,*,,
8,IL,LA3999,P2L4,ab2 ,28,99,,,*,,
9,IL,LA3999,P2L4,ab3 ,30,97,,,*,,
10,IL,LA3999,P2L4,ad1 ,10,89,,,*,,
11,IL,LA3999,P2L4,ad2 ,5,71,,,*,,
12,IL,LA3999,P2L4,ad3 ,6,91,,,*,,
13,IL,LA3999,P3L4,ab1 ,20,61,,,*,,
14,IL,LA3999,P3L4,ab2 ,22,66,,,*,,
15,IL,LA3999,P3L4,ab3 ,21,67,,,*,,
16,IL,LA3999,P3L4,ad1 ,3,75,,,*,,
17,IL,LA3999,P3L4,ad2 ,3,63,,,*,,
18,IL,LA3999,P3L4,ad3 ,4,77,,,*,,
19,IL,LA3999,P4L4,ab1 ,29,78,,,*,,
20,IL,LA3999,P4L4,ab2 ,25,69,,,*,,
21,IL,LA3999,P4L4,ab3 ,27,67,,,*,,
22,IL,LA3999,P4L4,ad1 ,5,51,,,*,,
23,IL,LA3999,P4L4,ad2 ,3,57,,,*,,
24,IL,LA3999,P4L4,ad3 ,5,58,,,*,,
25,IL,LA3999,P5L4,ab1 ,31,87,,,*,,
26,IL,LA3999,P5L4,ab2 ,26,93,,,*,,
27,IL,LA3999,P5L4,ab3 ,27,103,,,*,,
28,IL,LA3999,P5L4,ad1 ,8,72,,,*,,
29,IL,LA3999,P5L4,ad2 ,5,86,,,*,,
30,IL,LA3999,P5L4,ad3 ,6,82,,,*,,
31,IL,LA3999,P6L4,ab1 ,25,73,,,*,,
32,IL,LA3999,P6L4,ab2 ,23,67,,,*,,
33,IL,LA3999,P6L4,ab3 ,29,88,,,*,,
34,IL,LA3999,P6L4,ad1 ,2,79,,,*,,
35,IL,LA3999,P6L4,ad2 ,8,79,,,*,,
36,IL,LA3999,P6L4,ad3 ,3,72,,,*,,
37,IL,LA3999,P7L4,ab1 ,21,64,,,*,,
38,IL,LA3999,P7L4,ab2 ,20,64,,,*,,
39,IL,LA3999,P7L4,ab3 ,28,64,,,*,,
40,IL,LA3999,P7L4,ad1 ,6,57,,,*,,
41,IL,LA3999,P7L4,ad2 ,6,58,,,*,,
42,IL,LA3999,P7L4,ad3 ,9,58,,,*,,
1,IL,LA4002,P1L4,ab1 ,46,111,*,*,,*,
2,IL,LA4002,P1L4,ab2 ,48,103,*,*,,*,
3,IL,LA4002,P1L4,ab3 ,47,125,*,*,,*,
4,IL,LA4002,P1L4,ad1 ,10,130,*,*,,*,
5,IL,LA4002,P1L4,ad2 ,16,151,*,*,,*,
6,IL,LA4002,P1L4,ad3 ,4,122,*,*,,*,
7,IL,LA4002,P2L4,ab1 ,52,147,*,*,,*,
8,IL,LA4002,P2L4,ab2 ,38,130,*,*,,*,
9,IL,LA4002,P2L4,ab3 ,44,156,*,*,,*,
10,IL,LA4002,P2L4,ad1 ,3,107,*,*,,*,
11,IL,LA4002,P2L4,ad2 ,3,104,*,*,,*,
12,IL,LA4002,P2L4,ad3 ,5,105,*,*,,*,
13,IL,LA4002,P3L4,ab1 ,33,114,*,*,,*,
14,IL,LA4002,P3L4,ab2 ,28,108,*,*,,*,
15,IL,LA4002,P3L4,ab3 ,34,115,*,*,,*,
16,IL,LA4002,P3L4,ad1 ,5,43,*,*,,*,
17,IL,LA4002,P3L4,ad2 ,3,54,*,*,,*,
18,IL,LA4002,P3L4,ad3 ,7,42,*,*,,*,
19,IL,LA4002,P4L4,ab1 ,44,154,*,*,,*,
20,IL,LA4002,P4L4,ab2 ,24,163,*,*,,*,
21,IL,LA4002,P4L4,ab3 ,46,171,*,*,,*,
22,IL,LA4002,P4L4,ad1 ,13,143,*,*,,*,
23,IL,LA4002,P4L4,ad2 ,16,138,*,*,,*,
24,IL,LA4002,P4L4,ad3 ,18,145,*,*,,*,
25,IL,LA4002,P5L4,ab1 ,52,158,*,*,,*,
26,IL,LA4002,P5L4,ab2 ,52,165,*,*,,*,
27,IL,LA4002,P5L4,ab3 ,47,147,*,*,,*,
28,IL,LA4002,P5L4,ad1 ,7,136,*,*,,*,
29,IL,LA4002,P5L4,ad2 ,8,97,*,*,,*,
30,IL,LA4002,P5L4,ad3 ,10,128,*,*,,*,
31,IL,LA4002,P6L4,ab1 ,40,120,*,*,,*,
32,IL,LA4002,P6L4,ab2 ,34,111,*,*,,*,
33,IL,LA4002,P6L4,ab3 ,30,131,*,*,,*,
34,IL,LA4002,P6L4,ad1 ,3,57,*,*,,*,
35,IL,LA4002,P6L4,ad2 ,5,61,*,*,,*,
36,IL,LA4002,P6L4,ad3 ,9,77,*,*,,*,
37,IL,LA4002,P7L4,ab1 ,54,122,*,*,,*,
38,IL,LA4002,P7L4,ab2 ,47,113,*,*,,*,
39,IL,LA4002,P7L4,ab3 ,59,137,*,*,,*,
40,IL,LA4002,P7L4,ad1 ,14,104,*,*,,*,
41,IL,LA4002,P7L4,ad2 ,11,101,*,*,,*,
42,IL,LA4002,P7L4,ad3 ,16,131,*,*,,*,
43,IL,LA4002,P8L4,ab1 ,35,103,*,*,,*,
44,IL,LA4002,P8L4,ab2 ,31,94,*,*,,*,
45,IL,LA4002,P8L4,ab3 ,29,94,*,*,,*,
46,IL,LA4002,P8L4,ad1 ,5,104,*,*,,*,
47,IL,LA4002,P8L4,ad2 ,7,78,*,*,,*,
48,IL,LA4002,P8L4,ad3 ,3,67,*,*,,*,
1,IL,LA4004,P1L4,ab1 ,54,145,*,*,,*,
2,IL,LA4004,P1L4,ab2 ,58,162,*,*,,*,
3,IL,LA4004,P1L4,ab3 ,49,141,*,*,,*,
4,IL,LA4004,P1L4,ad1 ,8,139,*,*,,*,
5,IL,LA4004,P1L4,ad2 ,11,150,*,*,,*,
6,IL,LA4004,P1L4,ad3 ,8,132,*,*,,*,
7,IL,LA4004,P2L4,ab1 ,61,165,*,*,,*,
8,IL,LA4004,P2L4,ab2 ,53,145,*,*,,*,
9,IL,LA4004,P2L4,ab3 ,66,154,*,*,,*,
10,IL,LA4004,P2L4,ad1 ,5,149,*,*,,*,
11,IL,LA4004,P2L4,ad2 ,0,129,*,*,,*,
12,IL,LA4004,P2L4,ad3 ,9,159,*,*,,*,
13,IL,LA4004,P3L4,ab1 ,50,170,*,*,,*,
14,IL,LA4004,P3L4,ab2 ,53,152,*,*,,*,
15,IL,LA4004,P3L4,ab3 ,60,146,*,*,,*,
16,IL,LA4004,P3L4,ad1 ,12,201,*,*,,*,
17,IL,LA4004,P3L4,ad2 ,9,172,*,*,,*,
18,IL,LA4004,P3L4,ad3 ,16,189,*,*,,*,
19,IL,LA4004,P4L4,ab1 ,59,137,*,*,,*,
20,IL,LA4004,P4L4,ab2 ,49,135,*,*,,*,
21,IL,LA4004,P4L4,ab3 ,66,140,*,*,,*,
22,IL,LA4004,P4L4,ad1 ,18,122,*,*,,*,
23,IL,LA4004,P4L4,ad2 ,10,128,*,*,,*,
24,IL,LA4004,P4L4,ad3 ,13,140,*,*,,*,
25,IL,LA4004,P5L4,ab1 ,38,109,*,*,,*,
26,IL,LA4004,P5L4,ab2 ,38,128,*,*,,*,
27,IL,LA4004,P5L4,ab3 ,47,120,*,*,,*,
28,IL,LA4004,P5L4,ad1 ,10,104,*,*,,*,
29,IL,LA4004,P5L4,ad2 ,5,85,*,*,,*,
30,IL,LA4004,P5L4,ad3 ,8,104,*,*,,*,
31,IL,LA4004,P6L4,ab1 ,25,143,*,*,,*,
32,IL,LA4004,P6L4,ab2 ,56,157,*,*,,*,
33,IL,LA4004,P6L4,ab3 ,41,145,*,*,,*,
34,IL,LA4004,P6L4,ad1 ,9,176,*,*,,*,
35,IL,LA4004,P6L4,ad2 ,8,149,*,*,,*,
36,IL,LA4004,P6L4,ad3 ,5,156,*,*,,*,
37,IL,LA4004,P7L4,ab1 ,52,150,*,*,,*,
38,IL,LA4004,P7L4,ab2 ,70,161,*,*,,*,
39,IL,LA4004,P7L4,ab3 ,48,128,*,*,,*,
40,IL,LA4004,P7L4,ad1 ,11,158,*,*,,*,
41,IL,LA4004,P7L4,ad2 ,20,167,*,*,,*,
42,IL,LA4004,P7L4,ad3 ,15,172,*,*,,*,
1,IL,LA4005,P1L4,ab1 ,75,153,*,*,*,*,
2,IL,LA4005,P1L4,ab2 ,73,150,*,*,*,*,
3,IL,LA4005,P1L4,ab3 ,85,166,*,*,*,*,
4,IL,LA4005,P1L4,ad1 ,1,92,*,*,*,*,
5,IL,LA4005,P1L4,ad2 ,4,107,*,*,*,*,
6,IL,LA4005,P1L4,ad3 ,1,95,*,*,*,*,
7,IL,LA4005,P2L4,ab1 ,69,147,*,*,*,*,
8,IL,LA4005,P2L4,ab2 ,81,157,*,*,*,*,
9,IL,LA4005,P2L4,ab3 ,69,156,*,*,*,*,
10,IL,LA4005,P2L4,ad1 ,8,97,*,*,*,*,
11,IL,LA4005,P2L4,ad2 ,4,91,*,*,*,*,
12,IL,LA4005,P2L4,ad3 ,3,93,*,*,*,*,
13,IL,LA4005,P3L4,ab1 ,74,175,*,*,*,*,
14,IL,LA4005,P3L4,ab2 ,61,137,*,*,*,*,
15,IL,LA4005,P3L4,ab3 ,64,141,*,*,*,*,
16,IL,LA4005,P3L4,ad1 ,4,124,*,*,*,*,
17,IL,LA4005,P3L4,ad2 ,3,114,*,*,*,*,
18,IL,LA4005,P3L4,ad3 ,2,118,*,*,*,*,
19,IL,LA4005,P4L4,ab1 ,91,190,*,*,*,*,
20,IL,LA4005,P4L4,ab2 ,79,185,*,*,*,*,
21,IL,LA4005,P4L4,ab3 ,84,215,*,*,*,*,
22,IL,LA4005,P4L4,ad1 ,4,131,*,*,*,*,
23,IL,LA4005,P4L4,ad2 ,5,155,*,*,*,*,
24,IL,LA4005,P4L4,ad3 ,11,161,*,*,*,*,
25,IL,LA4005,P5L4,ab1 ,92,200,*,*,*,*,
26,IL,LA4005,P5L4,ab2 ,76,173,*,*,*,*,
27,IL,LA4005,P5L4,ab3 ,93,173,*,*,*,*,
28,IL,LA4005,P5L4,ad1 ,2,134,*,*,*,*,
29,IL,LA4005,P5L4,ad2 ,2,99,*,*,*,*,
30,IL,LA4005,P5L4,ad3 ,6,108,*,*,*,*,
1,IL,LA4008,P1L4,ab1 ,51,113,*,*,*,,
2,IL,LA4008,P1L4,ab2 ,44,139,*,*,*,,
3,IL,LA4008,P1L4,ab3 ,36,145,*,*,*,,
4,IL,LA4008,P1L4,ad1 ,8,128,*,*,*,,
5,IL,LA4008,P1L4,ad2 ,7,149,*,*,*,,
6,IL,LA4008,P1L4,ad3 ,6,118,*,*,*,,
7,IL,LA4008,P2L4,ab1 ,18,104,*,*,*,,
8,IL,LA4008,P2L4,ab2 ,20,91,*,*,*,,
9,IL,LA4008,P2L4,ab3 ,22,84,*,*,*,,
10,IL,LA4008,P2L4,ad1 ,0,71,*,*,*,,
11,IL,LA4008,P2L4,ad2 ,0,92,*,*,*,,
12,IL,LA4008,P2L4,ad3 ,0,125,*,*,*,,
13,IL,LA4008,P3L4,ab1 ,39,121,*,*,*,,
14,IL,LA4008,P3L4,ab2 ,48,115,*,*,*,,
15,IL,LA4008,P3L4,ab3 ,43,132,*,*,*,,
16,IL,LA4008,P3L4,ad1 ,1,88,*,*,*,,
17,IL,LA4008,P3L4,ad2 ,2,86,*,*,*,,
18,IL,LA4008,P3L4,ad3 ,5,91,*,*,*,,
1,IL,LA4010,P1L4,ab1 ,27,60,*,*,,*,
2,IL,LA4010,P1L4,ab2 ,25,66,*,*,,*,
3,IL,LA4010,P1L4,ab3 ,27,91,*,*,,*,
4,IL,LA4010,P1L4,ad1 ,2,102,*,*,,*,
5,IL,LA4010,P1L4,ad2 ,4,61,*,*,,*,
6,IL,LA4010,P1L4,ad3 ,2,65,*,*,,*,
7,IL,LA4010,P2L4,ab1 ,58,157,*,*,,*,
8,IL,LA4010,P2L4,ab2 ,53,153,*,*,,*,
9,IL,LA4010,P2L4,ab3 ,57,160,*,*,,*,
10,IL,LA4010,P2L4,ad1 ,10,153,*,*,,*,
11,IL,LA4010,P2L4,ad2 ,9,137,*,*,,*,
12,IL,LA4010,P2L4,ad3 ,11,149,*,*,,*,
13,IL,LA4010,P3L4,ab1 ,47,93,*,*,,*,
14,IL,LA4010,P3L4,ab2 ,59,137,*,*,,*,
15,IL,LA4010,P3L4,ab3 ,48,141,*,*,,*,
16,IL,LA4010,P3L4,ad1 ,14,133,*,*,,*,
17,IL,LA4010,P3L4,ad2 ,9,113,*,*,,*,
18,IL,LA4010,P3L4,ad3 ,6,103,*,*,,*,
,IL,,,,,,,,,,
,IL,,,,,,,,,,
,IL,,,,,,,,,,
,IL,,,,,,,,,,
,IL,,,,,,,,,,
,IL,,,,,,,,,,
,IL,,,,,,,,,,
,IL,,,,,,,,,,
,IL,,,,,,,,,,
,IL,,,,,,,,,,
,IL,,,,,,,,,,
,IL,,,,,,,,,,
,IL,,,,,,,,,,
,IL,,,,,,,,,,
,IL,,,,,,,,,,
,IL,,,,,,,,,,
,IL,,,,,,,,,,
,IL,,,,,,,,,,
,IL,,,,,,,,,,
,IL,,,,,,,,,,
,IL,,,,,,,,,,
,IL,,,,,,,,,,
,IL,,,,,,,,,,
,IL,,,,,,,,,,
,IL,,,,,,,,,,
,IL,,,,,,,,,,
,IL,,,,,,,,,,
,IL,,,,,,,,,,
,IL,,,,,,,,,,
,IL,,,,,,,,,,
,IL,,,,,,,,,,
,IL,,,,,,,,,,
,IL,,,,,,,,,,